<?xml version="1.0"?>
<Project Version="1" Minor="7" DIGEST="">
	<TOOL_VERSION Version="2020.2"/>
	<MODE Name="Post-Synthesis"/>
	<SYSTEMINFO BOARD="tul.com.tw:pynq-z2:1.0" PART="xc7z020clg400-1" ARCH="zynq" PACKAGE="clg400" DEVICE="7z020" SPEED="-1"/>
	<HIERARCHY Name="design_1_wrapper"/>
	<File Type="HW_HANDOFF" Name="design_1.hwh" src_db="design_1.hwdef" DESIGN_HIERARCHY="design_1_i" BD_TYPE="DEFAULT_BD">
	</File>
	<File Type="BDA" Name="design_1.bda" src_db="design_1.hwdef">
	</File>
	<File Type="PS_FSBL_INIT" Name="ps7_init.c" src_db="design_1_processing_system7_0_0.hwdef">
	</File>
	<File Type="PS_FSBL_INIT" Name="ps7_init.h" src_db="design_1_processing_system7_0_0.hwdef">
	</File>
	<File Type="PS_FSBL_INIT_GPL" Name="ps7_init_gpl.c" src_db="design_1_processing_system7_0_0.hwdef">
	</File>
	<File Type="PS_FSBL_INIT_GPL" Name="ps7_init_gpl.h" src_db="design_1_processing_system7_0_0.hwdef">
	</File>
	<File Type="PS_INIT_HELP" Name="ps7_init.html" src_db="design_1_processing_system7_0_0.hwdef">
	</File>
	<File Type="PS_XMD_INIT" Name="ps7_init.tcl" src_db="design_1_processing_system7_0_0.hwdef">
	</File>
	<File Type="BIT" Name="design_1_wrapper.bit" src_db="temp.hdf">
	</File>
	<DRIVERS>
		<DRIVER IP_VLNV="xilinx.com:hls:ms:1.0">
			<File PATH="drivers/ms_v1_0/data/ms.mdd"/>
			<File PATH="drivers/ms_v1_0/data/ms.tcl"/>
			<File PATH="drivers/ms_v1_0/src/Makefile"/>
			<File PATH="drivers/ms_v1_0/src/xms.c"/>
			<File PATH="drivers/ms_v1_0/src/xms.h"/>
			<File PATH="drivers/ms_v1_0/src/xms_hw.h"/>
			<File PATH="drivers/ms_v1_0/src/xms_linux.c"/>
			<File PATH="drivers/ms_v1_0/src/xms_sinit.c"/>
		</DRIVER>
	</DRIVERS>
	<USEDRESOURCES/>
</Project>

