{
    "versionMajor": "0",
    "versionMinor": "0",
    "usesPR": "false",
    "platformState": "pre_synth",
    "topModuleName": "design_1_wrapper",
    "acceleratorBinaryFormat": "xclbin2",
    "acceleratorBinaryContent": "bitstream",
    "validAcceleratorBinaryContentValues": "dcp,bitstream",
    "dcpFunctionStripped": "false",
    "dcpEncrypted": "false",
    "defaultOutputType": "hw_export",
    "designIntent": {
        "dataCenter": {
            "value": "false",
            "explicit": "false"
        },
        "embedded": {
            "value": "false",
            "explicit": "false"
        },
        "externalHost": {
            "value": "false",
            "explicit": "false"
        },
        "serverManaged": {
            "value": "false",
            "explicit": "false"
        }
    },
    "board": {
        "name": "tul.com.tw:pynq-z2:1.0",
        "vendor": "tul.com.tw",
        "part": "xc7z020clg400-1",
        "boardPart": "tul.com.tw:pynq-z2:part0:1.0",
        "imageFileHdpi": "pynq_z2.jpg"
    },
    "devices": [
        {
            "name": "fpga0",
            "type": "8",
            "fpgaPart": "zynq:xc7z020:clg400:-1",
            "part": {
                "name": "xc7z020clg400-1",
                "architecture": "zynq",
                "device": "xc7z020",
                "package": "clg400",
                "speedGrade": "-1"
            },
            "core": {
                "name": "OCL_REGION_0",
                "type": "clc_region",
                "numComputeUnits": "60"
            }
        }
    ],
    "files": [
        {
            "name": "design_1_wrapper.bit",
            "type": "FULL_BIT"
        }
    ],
    "vendor": "xilinx",
    "boardId": "pynq-z2",
    "description": "Vivado generated Hardware Platform",
    "uniqueName": "xilinx:pynq-z2::0.0",
    "fpgaPart": "zynq",
    "fpgaDevice": "xc7z020",
    "unifiedPlatform": "true",
    "expandablePlatform": "false",
    "hardware": "true",
    "softwareEmulation": "true",
    "hardwareEmulation": "false",
    "hardwareEmuPlatform": "false",
    "usesNIFD": "false",
    "generatedName": "Vivado",
    "generatedVersion": "2020.2",
    "generatedChangeList": "3064766",
    "generatedIpChangeList": "3064653",
    "generatedTimestamp": "Thu Apr 25 19:29:28 2024"
}

