{"sourceFile": [{
      "name": "",
      "directive": [
        {
          "functionName": "MedianFilter",
          "label": "",
          "functionLabel": "",
          "pragma": {
            "name": "TOP",
            "option": [{
                "name": "name",
                "value": "MedianFilter"
              }]
          }
        },
        {
          "functionName": "MedianFilter",
          "label": "",
          "functionLabel": "",
          "pragma": {
            "name": "TOP",
            "option": [{
                "name": "name",
                "value": "MedianFilter"
              }]
          }
        }
      ]
    }]}
