<stg><name>MedianFilter</name>


<trans_list>

<trans id="81" from="1" to="2">
<condition id="-1">
<or_exp><and_exp></and_exp></or_exp>
</condition>
</trans>
</trans_list>



<state_list>

<state id="1" st_id="1">

<operation id="3" st_id="1" stage="1" lat="1">
<core>NULL</core>
<MemPortIdVec></MemPortIdVec>
<condition id="-1">
<or_exp><and_exp></and_exp></or_exp>
</condition>

<Node id="22" bw="8" op_0_bw="8" op_1_bw="8">
<![CDATA[
entry:10 %row3_read = read i8 @_ssdm_op_Read.ap_auto.i8, i8 %row3

]]></Node>
<StgValue><ssdm name="row3_read"/></StgValue>
</operation>

<operation id="4" st_id="1" stage="1" lat="1">
<core>NULL</core>
<MemPortIdVec></MemPortIdVec>
<condition id="-1">
<or_exp><and_exp></and_exp></or_exp>
</condition>

<Node id="23" bw="8" op_0_bw="8" op_1_bw="8">
<![CDATA[
entry:11 %row2_read = read i8 @_ssdm_op_Read.ap_auto.i8, i8 %row2

]]></Node>
<StgValue><ssdm name="row2_read"/></StgValue>
</operation>

<operation id="5" st_id="1" stage="1" lat="1">
<core>NULL</core>
<MemPortIdVec></MemPortIdVec>
<condition id="-1">
<or_exp><and_exp></and_exp></or_exp>
</condition>

<Node id="24" bw="8" op_0_bw="8" op_1_bw="8">
<![CDATA[
entry:12 %row1_read = read i8 @_ssdm_op_Read.ap_auto.i8, i8 %row1

]]></Node>
<StgValue><ssdm name="row1_read"/></StgValue>
</operation>

<operation id="6" st_id="1" stage="1" lat="1">
<core>NULL</core>
<MemPortIdVec></MemPortIdVec>
<condition id="-1">
<or_exp><and_exp></and_exp></or_exp>
</condition>

<Node id="25" bw="8" op_0_bw="8">
<![CDATA[
entry:13 %sortBuffer_2 = load i8 %pixelWindowBuffer_1

]]></Node>
<StgValue><ssdm name="sortBuffer_2"/></StgValue>
</operation>

<operation id="7" st_id="1" stage="1" lat="1">
<core>NULL</core>
<MemPortIdVec></MemPortIdVec>
<condition id="-1">
<or_exp><and_exp></and_exp></or_exp>
</condition>

<Node id="26" bw="8" op_0_bw="8">
<![CDATA[
entry:14 %sortBuffer_1 = load i8 %pixelWindowBuffer_0

]]></Node>
<StgValue><ssdm name="sortBuffer_1"/></StgValue>
</operation>

<operation id="8" st_id="1" stage="1" lat="1">
<core>NULL</core>
<MemPortIdVec></MemPortIdVec>
<condition id="-1">
<or_exp><and_exp></and_exp></or_exp>
</condition>

<Node id="27" bw="0" op_0_bw="8" op_1_bw="8" op_2_bw="0">
<![CDATA[
entry:15 %store_ln58 = store i8 %sortBuffer_1, i8 %pixelWindowBuffer_1

]]></Node>
<StgValue><ssdm name="store_ln58"/></StgValue>
</operation>

<operation id="9" st_id="1" stage="1" lat="1">
<core>NULL</core>
<MemPortIdVec></MemPortIdVec>
<condition id="-1">
<or_exp><and_exp></and_exp></or_exp>
</condition>

<Node id="28" bw="8" op_0_bw="8">
<![CDATA[
entry:16 %sortBuffer_5 = load i8 %pixelWindowBuffer_4

]]></Node>
<StgValue><ssdm name="sortBuffer_5"/></StgValue>
</operation>

<operation id="10" st_id="1" stage="1" lat="1">
<core>NULL</core>
<MemPortIdVec></MemPortIdVec>
<condition id="-1">
<or_exp><and_exp></and_exp></or_exp>
</condition>

<Node id="29" bw="8" op_0_bw="8">
<![CDATA[
entry:17 %sortBuffer_4 = load i8 %pixelWindowBuffer_3

]]></Node>
<StgValue><ssdm name="sortBuffer_4"/></StgValue>
</operation>

<operation id="11" st_id="1" stage="1" lat="1">
<core>NULL</core>
<MemPortIdVec></MemPortIdVec>
<condition id="-1">
<or_exp><and_exp></and_exp></or_exp>
</condition>

<Node id="30" bw="0" op_0_bw="8" op_1_bw="8" op_2_bw="0">
<![CDATA[
entry:18 %store_ln58 = store i8 %sortBuffer_4, i8 %pixelWindowBuffer_4

]]></Node>
<StgValue><ssdm name="store_ln58"/></StgValue>
</operation>

<operation id="12" st_id="1" stage="1" lat="1">
<core>NULL</core>
<MemPortIdVec></MemPortIdVec>
<condition id="-1">
<or_exp><and_exp></and_exp></or_exp>
</condition>

<Node id="31" bw="8" op_0_bw="8">
<![CDATA[
entry:19 %sortBuffer_8 = load i8 %pixelWindowBuffer_7

]]></Node>
<StgValue><ssdm name="sortBuffer_8"/></StgValue>
</operation>

<operation id="13" st_id="1" stage="1" lat="1">
<core>NULL</core>
<MemPortIdVec></MemPortIdVec>
<condition id="-1">
<or_exp><and_exp></and_exp></or_exp>
</condition>

<Node id="32" bw="8" op_0_bw="8">
<![CDATA[
entry:20 %sortBuffer_7 = load i8 %pixelWindowBuffer_6

]]></Node>
<StgValue><ssdm name="sortBuffer_7"/></StgValue>
</operation>

<operation id="14" st_id="1" stage="1" lat="1">
<core>NULL</core>
<MemPortIdVec></MemPortIdVec>
<condition id="-1">
<or_exp><and_exp></and_exp></or_exp>
</condition>

<Node id="33" bw="0" op_0_bw="8" op_1_bw="8" op_2_bw="0">
<![CDATA[
entry:21 %store_ln58 = store i8 %sortBuffer_7, i8 %pixelWindowBuffer_7

]]></Node>
<StgValue><ssdm name="store_ln58"/></StgValue>
</operation>

<operation id="15" st_id="1" stage="1" lat="1">
<core>NULL</core>
<MemPortIdVec></MemPortIdVec>
<condition id="-1">
<or_exp><and_exp></and_exp></or_exp>
</condition>

<Node id="34" bw="0" op_0_bw="8" op_1_bw="8" op_2_bw="0">
<![CDATA[
entry:22 %store_ln65 = store i8 %row1_read, i8 %pixelWindowBuffer_0

]]></Node>
<StgValue><ssdm name="store_ln65"/></StgValue>
</operation>

<operation id="16" st_id="1" stage="1" lat="1">
<core>NULL</core>
<MemPortIdVec></MemPortIdVec>
<condition id="-1">
<or_exp><and_exp></and_exp></or_exp>
</condition>

<Node id="35" bw="0" op_0_bw="8" op_1_bw="8" op_2_bw="0">
<![CDATA[
entry:23 %store_ln66 = store i8 %row2_read, i8 %pixelWindowBuffer_3

]]></Node>
<StgValue><ssdm name="store_ln66"/></StgValue>
</operation>

<operation id="17" st_id="1" stage="1" lat="1">
<core>NULL</core>
<MemPortIdVec></MemPortIdVec>
<condition id="-1">
<or_exp><and_exp></and_exp></or_exp>
</condition>

<Node id="36" bw="0" op_0_bw="8" op_1_bw="8" op_2_bw="0">
<![CDATA[
entry:24 %store_ln67 = store i8 %row3_read, i8 %pixelWindowBuffer_6

]]></Node>
<StgValue><ssdm name="store_ln67"/></StgValue>
</operation>

<operation id="18" st_id="1" stage="1" lat="1">
<core>Cmp</core>
<MemPortIdVec></MemPortIdVec>
<condition id="-1">
<or_exp><and_exp></and_exp></or_exp>
</condition>

<Node id="37" bw="1" op_0_bw="8" op_1_bw="8">
<![CDATA[
entry:25 %icmp_ln10 = icmp_ugt  i8 %sortBuffer_1, i8 %sortBuffer_2

]]></Node>
<StgValue><ssdm name="icmp_ln10"/></StgValue>
</operation>

<operation id="19" st_id="1" stage="1" lat="1">
<core>Sel</core>
<MemPortIdVec></MemPortIdVec>
<condition id="-1">
<or_exp><and_exp></and_exp></or_exp>
</condition>

<Node id="38" bw="8" op_0_bw="1" op_1_bw="8" op_2_bw="8">
<![CDATA[
entry:26 %select_ln10 = select i1 %icmp_ln10, i8 %sortBuffer_1, i8 %sortBuffer_2

]]></Node>
<StgValue><ssdm name="select_ln10"/></StgValue>
</operation>

<operation id="20" st_id="1" stage="1" lat="1">
<core>Sel</core>
<MemPortIdVec></MemPortIdVec>
<condition id="-1">
<or_exp><and_exp></and_exp></or_exp>
</condition>

<Node id="39" bw="8" op_0_bw="1" op_1_bw="8" op_2_bw="8">
<![CDATA[
entry:27 %select_ln10_1 = select i1 %icmp_ln10, i8 %sortBuffer_2, i8 %sortBuffer_1

]]></Node>
<StgValue><ssdm name="select_ln10_1"/></StgValue>
</operation>

<operation id="21" st_id="1" stage="1" lat="1">
<core>Cmp</core>
<MemPortIdVec></MemPortIdVec>
<condition id="-1">
<or_exp><and_exp></and_exp></or_exp>
</condition>

<Node id="40" bw="1" op_0_bw="8" op_1_bw="8">
<![CDATA[
entry:28 %icmp_ln10_1 = icmp_ugt  i8 %sortBuffer_4, i8 %sortBuffer_5

]]></Node>
<StgValue><ssdm name="icmp_ln10_1"/></StgValue>
</operation>

<operation id="22" st_id="1" stage="1" lat="1">
<core>Sel</core>
<MemPortIdVec></MemPortIdVec>
<condition id="-1">
<or_exp><and_exp></and_exp></or_exp>
</condition>

<Node id="41" bw="8" op_0_bw="1" op_1_bw="8" op_2_bw="8">
<![CDATA[
entry:29 %select_ln10_2 = select i1 %icmp_ln10_1, i8 %sortBuffer_4, i8 %sortBuffer_5

]]></Node>
<StgValue><ssdm name="select_ln10_2"/></StgValue>
</operation>

<operation id="23" st_id="1" stage="1" lat="1">
<core>Sel</core>
<MemPortIdVec></MemPortIdVec>
<condition id="-1">
<or_exp><and_exp></and_exp></or_exp>
</condition>

<Node id="42" bw="8" op_0_bw="1" op_1_bw="8" op_2_bw="8">
<![CDATA[
entry:30 %select_ln10_3 = select i1 %icmp_ln10_1, i8 %sortBuffer_5, i8 %sortBuffer_4

]]></Node>
<StgValue><ssdm name="select_ln10_3"/></StgValue>
</operation>

<operation id="24" st_id="1" stage="1" lat="1">
<core>Cmp</core>
<MemPortIdVec></MemPortIdVec>
<condition id="-1">
<or_exp><and_exp></and_exp></or_exp>
</condition>

<Node id="43" bw="1" op_0_bw="8" op_1_bw="8">
<![CDATA[
entry:31 %icmp_ln10_2 = icmp_ugt  i8 %sortBuffer_7, i8 %sortBuffer_8

]]></Node>
<StgValue><ssdm name="icmp_ln10_2"/></StgValue>
</operation>

<operation id="25" st_id="1" stage="1" lat="1">
<core>Sel</core>
<MemPortIdVec></MemPortIdVec>
<condition id="-1">
<or_exp><and_exp></and_exp></or_exp>
</condition>

<Node id="44" bw="8" op_0_bw="1" op_1_bw="8" op_2_bw="8">
<![CDATA[
entry:32 %select_ln10_4 = select i1 %icmp_ln10_2, i8 %sortBuffer_7, i8 %sortBuffer_8

]]></Node>
<StgValue><ssdm name="select_ln10_4"/></StgValue>
</operation>

<operation id="26" st_id="1" stage="1" lat="1">
<core>Sel</core>
<MemPortIdVec></MemPortIdVec>
<condition id="-1">
<or_exp><and_exp></and_exp></or_exp>
</condition>

<Node id="45" bw="8" op_0_bw="1" op_1_bw="8" op_2_bw="8">
<![CDATA[
entry:33 %select_ln10_5 = select i1 %icmp_ln10_2, i8 %sortBuffer_8, i8 %sortBuffer_7

]]></Node>
<StgValue><ssdm name="select_ln10_5"/></StgValue>
</operation>

<operation id="27" st_id="1" stage="1" lat="1">
<core>Cmp</core>
<MemPortIdVec></MemPortIdVec>
<condition id="-1">
<or_exp><and_exp></and_exp></or_exp>
</condition>

<Node id="46" bw="1" op_0_bw="8" op_1_bw="8">
<![CDATA[
entry:34 %icmp_ln11 = icmp_ult  i8 %select_ln10_1, i8 %row1_read

]]></Node>
<StgValue><ssdm name="icmp_ln11"/></StgValue>
</operation>

<operation id="28" st_id="1" stage="1" lat="1">
<core>Sel</core>
<MemPortIdVec></MemPortIdVec>
<condition id="-1">
<or_exp><and_exp></and_exp></or_exp>
</condition>

<Node id="47" bw="8" op_0_bw="1" op_1_bw="8" op_2_bw="8">
<![CDATA[
entry:35 %temp_1 = select i1 %icmp_ln11, i8 %select_ln10_1, i8 %row1_read

]]></Node>
<StgValue><ssdm name="temp_1"/></StgValue>
</operation>

<operation id="29" st_id="1" stage="1" lat="1">
<core>Sel</core>
<MemPortIdVec></MemPortIdVec>
<condition id="-1">
<or_exp><and_exp></and_exp></or_exp>
</condition>

<Node id="48" bw="8" op_0_bw="1" op_1_bw="8" op_2_bw="8">
<![CDATA[
entry:36 %temp_2 = select i1 %icmp_ln11, i8 %row1_read, i8 %select_ln10_1

]]></Node>
<StgValue><ssdm name="temp_2"/></StgValue>
</operation>

<operation id="30" st_id="1" stage="1" lat="1">
<core>Cmp</core>
<MemPortIdVec></MemPortIdVec>
<condition id="-1">
<or_exp><and_exp></and_exp></or_exp>
</condition>

<Node id="49" bw="1" op_0_bw="8" op_1_bw="8">
<![CDATA[
entry:37 %icmp_ln11_1 = icmp_ult  i8 %select_ln10_3, i8 %row2_read

]]></Node>
<StgValue><ssdm name="icmp_ln11_1"/></StgValue>
</operation>

<operation id="31" st_id="1" stage="1" lat="1">
<core>Sel</core>
<MemPortIdVec></MemPortIdVec>
<condition id="-1">
<or_exp><and_exp></and_exp></or_exp>
</condition>

<Node id="50" bw="8" op_0_bw="1" op_1_bw="8" op_2_bw="8">
<![CDATA[
entry:38 %select_ln11 = select i1 %icmp_ln11_1, i8 %select_ln10_3, i8 %row2_read

]]></Node>
<StgValue><ssdm name="select_ln11"/></StgValue>
</operation>

<operation id="32" st_id="1" stage="1" lat="1">
<core>Sel</core>
<MemPortIdVec></MemPortIdVec>
<condition id="-1">
<or_exp><and_exp></and_exp></or_exp>
</condition>

<Node id="51" bw="8" op_0_bw="1" op_1_bw="8" op_2_bw="8">
<![CDATA[
entry:39 %temp_3 = select i1 %icmp_ln11_1, i8 %row2_read, i8 %select_ln10_3

]]></Node>
<StgValue><ssdm name="temp_3"/></StgValue>
</operation>

<operation id="33" st_id="1" stage="1" lat="1">
<core>Cmp</core>
<MemPortIdVec></MemPortIdVec>
<condition id="-1">
<or_exp><and_exp></and_exp></or_exp>
</condition>

<Node id="52" bw="1" op_0_bw="8" op_1_bw="8">
<![CDATA[
entry:40 %icmp_ln11_2 = icmp_ult  i8 %select_ln10_5, i8 %row3_read

]]></Node>
<StgValue><ssdm name="icmp_ln11_2"/></StgValue>
</operation>

<operation id="34" st_id="1" stage="1" lat="1">
<core>Sel</core>
<MemPortIdVec></MemPortIdVec>
<condition id="-1">
<or_exp><and_exp></and_exp></or_exp>
</condition>

<Node id="53" bw="8" op_0_bw="1" op_1_bw="8" op_2_bw="8">
<![CDATA[
entry:41 %select_ln11_3 = select i1 %icmp_ln11_2, i8 %select_ln10_5, i8 %row3_read

]]></Node>
<StgValue><ssdm name="select_ln11_3"/></StgValue>
</operation>

<operation id="35" st_id="1" stage="1" lat="1">
<core>Sel</core>
<MemPortIdVec></MemPortIdVec>
<condition id="-1">
<or_exp><and_exp></and_exp></or_exp>
</condition>

<Node id="54" bw="8" op_0_bw="1" op_1_bw="8" op_2_bw="8">
<![CDATA[
entry:42 %temp_4 = select i1 %icmp_ln11_2, i8 %row3_read, i8 %select_ln10_5

]]></Node>
<StgValue><ssdm name="temp_4"/></StgValue>
</operation>

<operation id="36" st_id="1" stage="1" lat="1">
<core>Cmp</core>
<MemPortIdVec></MemPortIdVec>
<condition id="-1">
<or_exp><and_exp></and_exp></or_exp>
</condition>

<Node id="55" bw="1" op_0_bw="8" op_1_bw="8">
<![CDATA[
entry:43 %icmp_ln12 = icmp_ugt  i8 %temp_2, i8 %select_ln10

]]></Node>
<StgValue><ssdm name="icmp_ln12"/></StgValue>
</operation>

<operation id="37" st_id="1" stage="1" lat="1">
<core>Sel</core>
<MemPortIdVec></MemPortIdVec>
<condition id="-1">
<or_exp><and_exp></and_exp></or_exp>
</condition>

<Node id="56" bw="8" op_0_bw="1" op_1_bw="8" op_2_bw="8">
<![CDATA[
entry:44 %temp_5 = select i1 %icmp_ln12, i8 %temp_2, i8 %select_ln10

]]></Node>
<StgValue><ssdm name="temp_5"/></StgValue>
</operation>

<operation id="38" st_id="1" stage="1" lat="1">
<core>Sel</core>
<MemPortIdVec></MemPortIdVec>
<condition id="-1">
<or_exp><and_exp></and_exp></or_exp>
</condition>

<Node id="57" bw="8" op_0_bw="1" op_1_bw="8" op_2_bw="8">
<![CDATA[
entry:45 %temp_6 = select i1 %icmp_ln12, i8 %select_ln10, i8 %temp_2

]]></Node>
<StgValue><ssdm name="temp_6"/></StgValue>
</operation>

<operation id="39" st_id="1" stage="1" lat="1">
<core>Cmp</core>
<MemPortIdVec></MemPortIdVec>
<condition id="-1">
<or_exp><and_exp></and_exp></or_exp>
</condition>

<Node id="58" bw="1" op_0_bw="8" op_1_bw="8">
<![CDATA[
entry:46 %icmp_ln12_1 = icmp_ugt  i8 %temp_3, i8 %select_ln10_2

]]></Node>
<StgValue><ssdm name="icmp_ln12_1"/></StgValue>
</operation>

<operation id="40" st_id="1" stage="1" lat="1">
<core>Sel</core>
<MemPortIdVec></MemPortIdVec>
<condition id="-1">
<or_exp><and_exp></and_exp></or_exp>
</condition>

<Node id="59" bw="8" op_0_bw="1" op_1_bw="8" op_2_bw="8">
<![CDATA[
entry:47 %temp_7 = select i1 %icmp_ln12_1, i8 %select_ln10_2, i8 %temp_3

]]></Node>
<StgValue><ssdm name="temp_7"/></StgValue>
</operation>

<operation id="41" st_id="1" stage="1" lat="1">
<core>Sel</core>
<MemPortIdVec></MemPortIdVec>
<condition id="-1">
<or_exp><and_exp></and_exp></or_exp>
</condition>

<Node id="60" bw="8" op_0_bw="1" op_1_bw="8" op_2_bw="8">
<![CDATA[
entry:48 %temp_8 = select i1 %icmp_ln12_1, i8 %temp_3, i8 %select_ln10_2

]]></Node>
<StgValue><ssdm name="temp_8"/></StgValue>
</operation>

<operation id="42" st_id="1" stage="1" lat="1">
<core>Cmp</core>
<MemPortIdVec></MemPortIdVec>
<condition id="-1">
<or_exp><and_exp></and_exp></or_exp>
</condition>

<Node id="61" bw="1" op_0_bw="8" op_1_bw="8">
<![CDATA[
entry:49 %icmp_ln12_2 = icmp_ugt  i8 %temp_4, i8 %select_ln10_4

]]></Node>
<StgValue><ssdm name="icmp_ln12_2"/></StgValue>
</operation>

<operation id="43" st_id="1" stage="1" lat="1">
<core>Sel</core>
<MemPortIdVec></MemPortIdVec>
<condition id="-1">
<or_exp><and_exp></and_exp></or_exp>
</condition>

<Node id="62" bw="8" op_0_bw="1" op_1_bw="8" op_2_bw="8">
<![CDATA[
entry:50 %select_ln12 = select i1 %icmp_ln12_2, i8 %select_ln10_4, i8 %temp_4

]]></Node>
<StgValue><ssdm name="select_ln12"/></StgValue>
</operation>

<operation id="44" st_id="1" stage="1" lat="1">
<core>Sel</core>
<MemPortIdVec></MemPortIdVec>
<condition id="-1">
<or_exp><and_exp></and_exp></or_exp>
</condition>

<Node id="63" bw="8" op_0_bw="1" op_1_bw="8" op_2_bw="8">
<![CDATA[
entry:51 %select_ln12_2 = select i1 %icmp_ln12_2, i8 %temp_4, i8 %select_ln10_4

]]></Node>
<StgValue><ssdm name="select_ln12_2"/></StgValue>
</operation>

<operation id="45" st_id="1" stage="1" lat="1">
<core>Cmp</core>
<MemPortIdVec></MemPortIdVec>
<condition id="-1">
<or_exp><and_exp></and_exp></or_exp>
</condition>

<Node id="64" bw="1" op_0_bw="8" op_1_bw="8">
<![CDATA[
entry:52 %icmp_ln13 = icmp_ugt  i8 %temp_1, i8 %select_ln11

]]></Node>
<StgValue><ssdm name="icmp_ln13"/></StgValue>
</operation>

<operation id="46" st_id="1" stage="1" lat="1">
<core>Sel</core>
<MemPortIdVec></MemPortIdVec>
<condition id="-1">
<or_exp><and_exp></and_exp></or_exp>
</condition>

<Node id="65" bw="8" op_0_bw="1" op_1_bw="8" op_2_bw="8">
<![CDATA[
entry:53 %temp_9 = select i1 %icmp_ln13, i8 %temp_1, i8 %select_ln11

]]></Node>
<StgValue><ssdm name="temp_9"/></StgValue>
</operation>

<operation id="47" st_id="1" stage="1" lat="1">
<core>Cmp</core>
<MemPortIdVec></MemPortIdVec>
<condition id="-1">
<or_exp><and_exp></and_exp></or_exp>
</condition>

<Node id="66" bw="1" op_0_bw="8" op_1_bw="8">
<![CDATA[
entry:54 %icmp_ln13_1 = icmp_ugt  i8 %temp_8, i8 %select_ln12_2

]]></Node>
<StgValue><ssdm name="icmp_ln13_1"/></StgValue>
</operation>

<operation id="48" st_id="1" stage="1" lat="1">
<core>Sel</core>
<MemPortIdVec></MemPortIdVec>
<condition id="-1">
<or_exp><and_exp></and_exp></or_exp>
</condition>

<Node id="67" bw="8" op_0_bw="1" op_1_bw="8" op_2_bw="8">
<![CDATA[
entry:55 %select_ln13 = select i1 %icmp_ln13_1, i8 %select_ln12_2, i8 %temp_8

]]></Node>
<StgValue><ssdm name="select_ln13"/></StgValue>
</operation>

<operation id="49" st_id="1" stage="1" lat="1">
<core>Cmp</core>
<MemPortIdVec></MemPortIdVec>
<condition id="-1">
<or_exp><and_exp></and_exp></or_exp>
</condition>

<Node id="68" bw="1" op_0_bw="8" op_1_bw="8">
<![CDATA[
entry:56 %icmp_ln13_2 = icmp_ugt  i8 %temp_7, i8 %select_ln12

]]></Node>
<StgValue><ssdm name="icmp_ln13_2"/></StgValue>
</operation>

<operation id="50" st_id="1" stage="1" lat="1">
<core>Sel</core>
<MemPortIdVec></MemPortIdVec>
<condition id="-1">
<or_exp><and_exp></and_exp></or_exp>
</condition>

<Node id="69" bw="8" op_0_bw="1" op_1_bw="8" op_2_bw="8">
<![CDATA[
entry:57 %select_ln13_1 = select i1 %icmp_ln13_2, i8 %temp_7, i8 %select_ln12

]]></Node>
<StgValue><ssdm name="select_ln13_1"/></StgValue>
</operation>

<operation id="51" st_id="1" stage="1" lat="1">
<core>Sel</core>
<MemPortIdVec></MemPortIdVec>
<condition id="-1">
<or_exp><and_exp></and_exp></or_exp>
</condition>

<Node id="70" bw="8" op_0_bw="1" op_1_bw="8" op_2_bw="8">
<![CDATA[
entry:58 %select_ln13_2 = select i1 %icmp_ln13_2, i8 %select_ln12, i8 %temp_7

]]></Node>
<StgValue><ssdm name="select_ln13_2"/></StgValue>
</operation>

<operation id="52" st_id="1" stage="1" lat="1">
<core>Cmp</core>
<MemPortIdVec></MemPortIdVec>
<condition id="-1">
<or_exp><and_exp></and_exp></or_exp>
</condition>

<Node id="71" bw="1" op_0_bw="8" op_1_bw="8">
<![CDATA[
entry:59 %icmp_ln14 = icmp_ugt  i8 %temp_9, i8 %select_ln11_3

]]></Node>
<StgValue><ssdm name="icmp_ln14"/></StgValue>
</operation>

<operation id="53" st_id="1" stage="1" lat="1">
<core>Sel</core>
<MemPortIdVec></MemPortIdVec>
<condition id="-1">
<or_exp><and_exp></and_exp></or_exp>
</condition>

<Node id="72" bw="8" op_0_bw="1" op_1_bw="8" op_2_bw="8">
<![CDATA[
entry:60 %temp_10 = select i1 %icmp_ln14, i8 %temp_9, i8 %select_ln11_3

]]></Node>
<StgValue><ssdm name="temp_10"/></StgValue>
</operation>

<operation id="54" st_id="1" stage="1" lat="1">
<core>Cmp</core>
<MemPortIdVec></MemPortIdVec>
<condition id="-1">
<or_exp><and_exp></and_exp></or_exp>
</condition>

<Node id="73" bw="1" op_0_bw="8" op_1_bw="8">
<![CDATA[
entry:61 %icmp_ln14_1 = icmp_ugt  i8 %temp_6, i8 %select_ln13_2

]]></Node>
<StgValue><ssdm name="icmp_ln14_1"/></StgValue>
</operation>

<operation id="55" st_id="1" stage="1" lat="1">
<core>Sel</core>
<MemPortIdVec></MemPortIdVec>
<condition id="-1">
<or_exp><and_exp></and_exp></or_exp>
</condition>

<Node id="74" bw="8" op_0_bw="1" op_1_bw="8" op_2_bw="8">
<![CDATA[
entry:62 %temp_11 = select i1 %icmp_ln14_1, i8 %temp_6, i8 %select_ln13_2

]]></Node>
<StgValue><ssdm name="temp_11"/></StgValue>
</operation>

<operation id="56" st_id="1" stage="1" lat="1">
<core>Cmp</core>
<MemPortIdVec></MemPortIdVec>
<condition id="-1">
<or_exp><and_exp></and_exp></or_exp>
</condition>

<Node id="75" bw="1" op_0_bw="8" op_1_bw="8">
<![CDATA[
entry:63 %icmp_ln14_2 = icmp_ugt  i8 %temp_5, i8 %select_ln13

]]></Node>
<StgValue><ssdm name="icmp_ln14_2"/></StgValue>
</operation>

<operation id="57" st_id="1" stage="1" lat="1">
<core>Sel</core>
<MemPortIdVec></MemPortIdVec>
<condition id="-1">
<or_exp><and_exp></and_exp></or_exp>
</condition>

<Node id="76" bw="8" op_0_bw="1" op_1_bw="8" op_2_bw="8">
<![CDATA[
entry:64 %select_ln14 = select i1 %icmp_ln14_2, i8 %select_ln13, i8 %temp_5

]]></Node>
<StgValue><ssdm name="select_ln14"/></StgValue>
</operation>

<operation id="58" st_id="1" stage="1" lat="1">
<core>Cmp</core>
<MemPortIdVec></MemPortIdVec>
<condition id="-1">
<or_exp><and_exp></and_exp></or_exp>
</condition>

<Node id="77" bw="1" op_0_bw="8" op_1_bw="8">
<![CDATA[
entry:65 %icmp_ln15 = icmp_ugt  i8 %temp_11, i8 %select_ln13_1

]]></Node>
<StgValue><ssdm name="icmp_ln15"/></StgValue>
</operation>

<operation id="59" st_id="1" stage="1" lat="1">
<core>Sel</core>
<MemPortIdVec></MemPortIdVec>
<condition id="-1">
<or_exp><and_exp></and_exp></or_exp>
</condition>

<Node id="78" bw="8" op_0_bw="1" op_1_bw="8" op_2_bw="8">
<![CDATA[
entry:66 %temp_12 = select i1 %icmp_ln15, i8 %select_ln13_1, i8 %temp_11

]]></Node>
<StgValue><ssdm name="temp_12"/></StgValue>
</operation>
</state>

<state id="2" st_id="2">

<operation id="60" st_id="2" stage="1" lat="1">
<core>NULL</core>
<MemPortIdVec></MemPortIdVec>
<condition id="-1">
<or_exp><and_exp></and_exp></or_exp>
</condition>

<Node id="12" bw="0" op_0_bw="0" op_1_bw="32" op_2_bw="32" op_3_bw="32" op_4_bw="32" op_5_bw="0">
<![CDATA[
entry:0 %specpipeline_ln0 = specpipeline void @_ssdm_op_SpecPipeline, i32 1, i32 0, i32 0, i32 0, void @empty_0

]]></Node>
<StgValue><ssdm name="specpipeline_ln0"/></StgValue>
</operation>

<operation id="61" st_id="2" stage="1" lat="1">
<core>NULL</core>
<MemPortIdVec></MemPortIdVec>
<condition id="-1">
<or_exp><and_exp></and_exp></or_exp>
</condition>

<Node id="13" bw="0" op_0_bw="0" op_1_bw="0">
<![CDATA[
entry:1 %spectopmodule_ln0 = spectopmodule void @_ssdm_op_SpecTopModule, void @empty_1

]]></Node>
<StgValue><ssdm name="spectopmodule_ln0"/></StgValue>
</operation>

<operation id="62" st_id="2" stage="1" lat="1">
<core>NULL</core>
<MemPortIdVec></MemPortIdVec>
<condition id="-1">
<or_exp><and_exp></and_exp></or_exp>
</condition>

<Node id="14" bw="0" op_0_bw="0" op_1_bw="8">
<![CDATA[
entry:2 %specbitsmap_ln0 = specbitsmap void @_ssdm_op_SpecBitsMap, i8 %row1

]]></Node>
<StgValue><ssdm name="specbitsmap_ln0"/></StgValue>
</operation>

<operation id="63" st_id="2" stage="1" lat="1">
<core>NULL</core>
<MemPortIdVec></MemPortIdVec>
<condition id="-1">
<or_exp><and_exp></and_exp></or_exp>
</condition>

<Node id="15" bw="0" op_0_bw="0" op_1_bw="8" op_2_bw="0" op_3_bw="32" op_4_bw="32" op_5_bw="0" op_6_bw="32" op_7_bw="32" op_8_bw="0" op_9_bw="0" op_10_bw="0" op_11_bw="32" op_12_bw="32" op_13_bw="32" op_14_bw="32" op_15_bw="0" op_16_bw="0">
<![CDATA[
entry:3 %specinterface_ln0 = specinterface void @_ssdm_op_SpecInterface, i8 %row1, void @empty, i32 0, i32 0, void @empty_0, i32 0, i32 0, void @empty_0, void @empty_0, void @empty_0, i32 0, i32 0, i32 0, i32 0, void @empty_0, void @empty_0

]]></Node>
<StgValue><ssdm name="specinterface_ln0"/></StgValue>
</operation>

<operation id="64" st_id="2" stage="1" lat="1">
<core>NULL</core>
<MemPortIdVec></MemPortIdVec>
<condition id="-1">
<or_exp><and_exp></and_exp></or_exp>
</condition>

<Node id="16" bw="0" op_0_bw="0" op_1_bw="8">
<![CDATA[
entry:4 %specbitsmap_ln0 = specbitsmap void @_ssdm_op_SpecBitsMap, i8 %row2

]]></Node>
<StgValue><ssdm name="specbitsmap_ln0"/></StgValue>
</operation>

<operation id="65" st_id="2" stage="1" lat="1">
<core>NULL</core>
<MemPortIdVec></MemPortIdVec>
<condition id="-1">
<or_exp><and_exp></and_exp></or_exp>
</condition>

<Node id="17" bw="0" op_0_bw="0" op_1_bw="8" op_2_bw="0" op_3_bw="32" op_4_bw="32" op_5_bw="0" op_6_bw="32" op_7_bw="32" op_8_bw="0" op_9_bw="0" op_10_bw="0" op_11_bw="32" op_12_bw="32" op_13_bw="32" op_14_bw="32" op_15_bw="0" op_16_bw="0">
<![CDATA[
entry:5 %specinterface_ln0 = specinterface void @_ssdm_op_SpecInterface, i8 %row2, void @empty, i32 0, i32 0, void @empty_0, i32 0, i32 0, void @empty_0, void @empty_0, void @empty_0, i32 0, i32 0, i32 0, i32 0, void @empty_0, void @empty_0

]]></Node>
<StgValue><ssdm name="specinterface_ln0"/></StgValue>
</operation>

<operation id="66" st_id="2" stage="1" lat="1">
<core>NULL</core>
<MemPortIdVec></MemPortIdVec>
<condition id="-1">
<or_exp><and_exp></and_exp></or_exp>
</condition>

<Node id="18" bw="0" op_0_bw="0" op_1_bw="8">
<![CDATA[
entry:6 %specbitsmap_ln0 = specbitsmap void @_ssdm_op_SpecBitsMap, i8 %row3

]]></Node>
<StgValue><ssdm name="specbitsmap_ln0"/></StgValue>
</operation>

<operation id="67" st_id="2" stage="1" lat="1">
<core>NULL</core>
<MemPortIdVec></MemPortIdVec>
<condition id="-1">
<or_exp><and_exp></and_exp></or_exp>
</condition>

<Node id="19" bw="0" op_0_bw="0" op_1_bw="8" op_2_bw="0" op_3_bw="32" op_4_bw="32" op_5_bw="0" op_6_bw="32" op_7_bw="32" op_8_bw="0" op_9_bw="0" op_10_bw="0" op_11_bw="32" op_12_bw="32" op_13_bw="32" op_14_bw="32" op_15_bw="0" op_16_bw="0">
<![CDATA[
entry:7 %specinterface_ln0 = specinterface void @_ssdm_op_SpecInterface, i8 %row3, void @empty, i32 0, i32 0, void @empty_0, i32 0, i32 0, void @empty_0, void @empty_0, void @empty_0, i32 0, i32 0, i32 0, i32 0, void @empty_0, void @empty_0

]]></Node>
<StgValue><ssdm name="specinterface_ln0"/></StgValue>
</operation>

<operation id="68" st_id="2" stage="1" lat="1">
<core>NULL</core>
<MemPortIdVec></MemPortIdVec>
<condition id="-1">
<or_exp><and_exp></and_exp></or_exp>
</condition>

<Node id="20" bw="0" op_0_bw="0" op_1_bw="8">
<![CDATA[
entry:8 %specbitsmap_ln0 = specbitsmap void @_ssdm_op_SpecBitsMap, i8 %V

]]></Node>
<StgValue><ssdm name="specbitsmap_ln0"/></StgValue>
</operation>

<operation id="69" st_id="2" stage="1" lat="1">
<core>NULL</core>
<MemPortIdVec></MemPortIdVec>
<condition id="-1">
<or_exp><and_exp></and_exp></or_exp>
</condition>

<Node id="21" bw="0" op_0_bw="0" op_1_bw="8" op_2_bw="0" op_3_bw="32" op_4_bw="32" op_5_bw="0" op_6_bw="32" op_7_bw="32" op_8_bw="0" op_9_bw="0" op_10_bw="0" op_11_bw="32" op_12_bw="32" op_13_bw="32" op_14_bw="32" op_15_bw="0" op_16_bw="0">
<![CDATA[
entry:9 %specinterface_ln0 = specinterface void @_ssdm_op_SpecInterface, i8 %V, void @empty, i32 0, i32 0, void @empty_0, i32 0, i32 0, void @empty_0, void @empty_0, void @empty_0, i32 0, i32 0, i32 0, i32 0, void @empty_0, void @empty_0

]]></Node>
<StgValue><ssdm name="specinterface_ln0"/></StgValue>
</operation>

<operation id="70" st_id="2" stage="1" lat="1">
<core>Cmp</core>
<MemPortIdVec></MemPortIdVec>
<condition id="-1">
<or_exp><and_exp></and_exp></or_exp>
</condition>

<Node id="79" bw="1" op_0_bw="8" op_1_bw="8">
<![CDATA[
entry:67 %icmp_ln15_1 = icmp_ugt  i8 %temp_12, i8 %select_ln14

]]></Node>
<StgValue><ssdm name="icmp_ln15_1"/></StgValue>
</operation>

<operation id="71" st_id="2" stage="1" lat="1">
<core>Sel</core>
<MemPortIdVec></MemPortIdVec>
<condition id="-1">
<or_exp><and_exp></and_exp></or_exp>
</condition>

<Node id="80" bw="8" op_0_bw="1" op_1_bw="8" op_2_bw="8">
<![CDATA[
entry:68 %select_ln15 = select i1 %icmp_ln15_1, i8 %temp_12, i8 %select_ln14

]]></Node>
<StgValue><ssdm name="select_ln15"/></StgValue>
</operation>

<operation id="72" st_id="2" stage="1" lat="1">
<core>Sel</core>
<MemPortIdVec></MemPortIdVec>
<condition id="-1">
<or_exp><and_exp></and_exp></or_exp>
</condition>

<Node id="81" bw="8" op_0_bw="1" op_1_bw="8" op_2_bw="8">
<![CDATA[
entry:69 %select_ln15_1 = select i1 %icmp_ln15_1, i8 %select_ln14, i8 %temp_12

]]></Node>
<StgValue><ssdm name="select_ln15_1"/></StgValue>
</operation>

<operation id="73" st_id="2" stage="1" lat="1">
<core>Cmp</core>
<MemPortIdVec></MemPortIdVec>
<condition id="-1">
<or_exp><and_exp></and_exp></or_exp>
</condition>

<Node id="82" bw="1" op_0_bw="8" op_1_bw="8">
<![CDATA[
entry:70 %icmp_ln15_2 = icmp_ugt  i8 %temp_10, i8 %select_ln15_1

]]></Node>
<StgValue><ssdm name="icmp_ln15_2"/></StgValue>
</operation>

<operation id="74" st_id="2" stage="1" lat="1">
<core>Sel</core>
<MemPortIdVec></MemPortIdVec>
<condition id="-1">
<or_exp><and_exp></and_exp></or_exp>
</condition>

<Node id="83" bw="8" op_0_bw="1" op_1_bw="8" op_2_bw="8">
<![CDATA[
entry:71 %temp_13 = select i1 %icmp_ln15_2, i8 %temp_10, i8 %select_ln15_1

]]></Node>
<StgValue><ssdm name="temp_13"/></StgValue>
</operation>

<operation id="75" st_id="2" stage="1" lat="1">
<core>Cmp</core>
<MemPortIdVec></MemPortIdVec>
<condition id="-1">
<or_exp><and_exp></and_exp></or_exp>
</condition>

<Node id="84" bw="1" op_0_bw="8" op_1_bw="8">
<![CDATA[
entry:72 %icmp_ln16 = icmp_ugt  i8 %temp_13, i8 %select_ln15

]]></Node>
<StgValue><ssdm name="icmp_ln16"/></StgValue>
</operation>

<operation id="76" st_id="2" stage="1" lat="1">
<core>Sel</core>
<MemPortIdVec></MemPortIdVec>
<condition id="-1">
<or_exp><and_exp></and_exp></or_exp>
</condition>

<Node id="85" bw="8" op_0_bw="1" op_1_bw="8" op_2_bw="8">
<![CDATA[
entry:73 %select_ln16 = select i1 %icmp_ln16, i8 %select_ln15, i8 %temp_13

]]></Node>
<StgValue><ssdm name="select_ln16"/></StgValue>
</operation>

<operation id="77" st_id="2" stage="1" lat="1">
<core>NULL</core>
<MemPortIdVec></MemPortIdVec>
<condition id="-1">
<or_exp><and_exp></and_exp></or_exp>
</condition>

<Node id="86" bw="0" op_0_bw="0" op_1_bw="8" op_2_bw="8">
<![CDATA[
entry:74 %write_ln73 = write void @_ssdm_op_Write.ap_auto.i8P0A, i8 %V, i8 %select_ln16

]]></Node>
<StgValue><ssdm name="write_ln73"/></StgValue>
</operation>

<operation id="78" st_id="2" stage="1" lat="1">
<core>NULL</core>
<MemPortIdVec></MemPortIdVec>
<condition id="-1">
<or_exp><and_exp></and_exp></or_exp>
</condition>

<Node id="87" bw="0">
<![CDATA[
entry:75 %ret_ln74 = ret

]]></Node>
<StgValue><ssdm name="ret_ln74"/></StgValue>
</operation>
</state>
</state_list>


<ports>
</ports>


<dataflows>
</dataflows>


</stg>
