<stg><name>MedianFilter</name>


<trans_list>

<trans id="81" from="1" to="2">
<condition id="-1">
<or_exp><and_exp></and_exp></or_exp>
</condition>
</trans>
</trans_list>



<state_list>

<state id="1" st_id="1">

<operation id="3" st_id="1" stage="1" lat="1">
<core>NULL</core>
<MemPortIdVec></MemPortIdVec>
<condition id="-1">
<or_exp><and_exp></and_exp></or_exp>
</condition>

<Node id="22" bw="8" op_0_bw="8" op_1_bw="8">
<![CDATA[
entry:10 %row3_read = read i8 @_ssdm_op_Read.ap_auto.i8, i8 %row3

]]></Node>
<StgValue><ssdm name="row3_read"/></StgValue>
</operation>

<operation id="4" st_id="1" stage="1" lat="1">
<core>NULL</core>
<MemPortIdVec></MemPortIdVec>
<condition id="-1">
<or_exp><and_exp></and_exp></or_exp>
</condition>

<Node id="23" bw="8" op_0_bw="8" op_1_bw="8">
<![CDATA[
entry:11 %row2_read = read i8 @_ssdm_op_Read.ap_auto.i8, i8 %row2

]]></Node>
<StgValue><ssdm name="row2_read"/></StgValue>
</operation>

<operation id="5" st_id="1" stage="1" lat="1">
<core>NULL</core>
<MemPortIdVec></MemPortIdVec>
<condition id="-1">
<or_exp><and_exp></and_exp></or_exp>
</condition>

<Node id="24" bw="8" op_0_bw="8" op_1_bw="8">
<![CDATA[
entry:12 %row1_read = read i8 @_ssdm_op_Read.ap_auto.i8, i8 %row1

]]></Node>
<StgValue><ssdm name="row1_read"/></StgValue>
</operation>

<operation id="6" st_id="1" stage="1" lat="1">
<core>NULL</core>
<MemPortIdVec></MemPortIdVec>
<condition id="-1">
<or_exp><and_exp></and_exp></or_exp>
</condition>

<Node id="25" bw="8" op_0_bw="8">
<![CDATA[
entry:13 %sortBuffer_2 = load i8 %pixelWindowBuffer_1

]]></Node>
<StgValue><ssdm name="sortBuffer_2"/></StgValue>
</operation>

<operation id="7" st_id="1" stage="1" lat="1">
<core>NULL</core>
<MemPortIdVec></MemPortIdVec>
<condition id="-1">
<or_exp><and_exp></and_exp></or_exp>
</condition>

<Node id="26" bw="8" op_0_bw="8">
<![CDATA[
entry:14 %sortBuffer_1 = load i8 %pixelWindowBuffer_0

]]></Node>
<StgValue><ssdm name="sortBuffer_1"/></StgValue>
</operation>

<operation id="8" st_id="1" stage="1" lat="1">
<core>NULL</core>
<MemPortIdVec></MemPortIdVec>
<condition id="-1">
<or_exp><and_exp></and_exp></or_exp>
</condition>

<Node id="27" bw="0" op_0_bw="8" op_1_bw="8" op_2_bw="0">
<![CDATA[
entry:15 %store_ln58 = store i8 %sortBuffer_1, i8 %pixelWindowBuffer_1

]]></Node>
<StgValue><ssdm name="store_ln58"/></StgValue>
</operation>

<operation id="9" st_id="1" stage="1" lat="1">
<core>NULL</core>
<MemPortIdVec></MemPortIdVec>
<condition id="-1">
<or_exp><and_exp></and_exp></or_exp>
</condition>

<Node id="28" bw="8" op_0_bw="8">
<![CDATA[
entry:16 %sortBuffer_5 = load i8 %pixelWindowBuffer_4

]]></Node>
<StgValue><ssdm name="sortBuffer_5"/></StgValue>
</operation>

<operation id="10" st_id="1" stage="1" lat="1">
<core>NULL</core>
<MemPortIdVec></MemPortIdVec>
<condition id="-1">
<or_exp><and_exp></and_exp></or_exp>
</condition>

<Node id="29" bw="8" op_0_bw="8">
<![CDATA[
entry:17 %sortBuffer_4 = load i8 %pixelWindowBuffer_3

]]></Node>
<StgValue><ssdm name="sortBuffer_4"/></StgValue>
</operation>

<operation id="11" st_id="1" stage="1" lat="1">
<core>NULL</core>
<MemPortIdVec></MemPortIdVec>
<condition id="-1">
<or_exp><and_exp></and_exp></or_exp>
</condition>

<Node id="30" bw="0" op_0_bw="8" op_1_bw="8" op_2_bw="0">
<![CDATA[
entry:18 %store_ln58 = store i8 %sortBuffer_4, i8 %pixelWindowBuffer_4

]]></Node>
<StgValue><ssdm name="store_ln58"/></StgValue>
</operation>

<operation id="12" st_id="1" stage="1" lat="1">
<core>NULL</core>
<MemPortIdVec></MemPortIdVec>
<condition id="-1">
<or_exp><and_exp></and_exp></or_exp>
</condition>

<Node id="31" bw="8" op_0_bw="8">
<![CDATA[
entry:19 %sortBuffer_8 = load i8 %pixelWindowBuffer_7

]]></Node>
<StgValue><ssdm name="sortBuffer_8"/></StgValue>
</operation>

<operation id="13" st_id="1" stage="1" lat="1">
<core>NULL</core>
<MemPortIdVec></MemPortIdVec>
<condition id="-1">
<or_exp><and_exp></and_exp></or_exp>
</condition>

<Node id="32" bw="8" op_0_bw="8">
<![CDATA[
entry:20 %sortBuffer_7 = load i8 %pixelWindowBuffer_6

]]></Node>
<StgValue><ssdm name="sortBuffer_7"/></StgValue>
</operation>

<operation id="14" st_id="1" stage="1" lat="1">
<core>NULL</core>
<MemPortIdVec></MemPortIdVec>
<condition id="-1">
<or_exp><and_exp></and_exp></or_exp>
</condition>

<Node id="33" bw="0" op_0_bw="8" op_1_bw="8" op_2_bw="0">
<![CDATA[
entry:21 %store_ln58 = store i8 %sortBuffer_7, i8 %pixelWindowBuffer_7

]]></Node>
<StgValue><ssdm name="store_ln58"/></StgValue>
</operation>

<operation id="15" st_id="1" stage="1" lat="1">
<core>NULL</core>
<MemPortIdVec></MemPortIdVec>
<condition id="-1">
<or_exp><and_exp></and_exp></or_exp>
</condition>

<Node id="34" bw="0" op_0_bw="8" op_1_bw="8" op_2_bw="0">
<![CDATA[
entry:22 %store_ln65 = store i8 %row1_read, i8 %pixelWindowBuffer_0

]]></Node>
<StgValue><ssdm name="store_ln65"/></StgValue>
</operation>

<operation id="16" st_id="1" stage="1" lat="1">
<core>NULL</core>
<MemPortIdVec></MemPortIdVec>
<condition id="-1">
<or_exp><and_exp></and_exp></or_exp>
</condition>

<Node id="35" bw="0" op_0_bw="8" op_1_bw="8" op_2_bw="0">
<![CDATA[
entry:23 %store_ln66 = store i8 %row2_read, i8 %pixelWindowBuffer_3

]]></Node>
<StgValue><ssdm name="store_ln66"/></StgValue>
</operation>

<operation id="17" st_id="1" stage="1" lat="1">
<core>NULL</core>
<MemPortIdVec></MemPortIdVec>
<condition id="-1">
<or_exp><and_exp></and_exp></or_exp>
</condition>

<Node id="36" bw="0" op_0_bw="8" op_1_bw="8" op_2_bw="0">
<![CDATA[
entry:24 %store_ln67 = store i8 %row3_read, i8 %pixelWindowBuffer_6

]]></Node>
<StgValue><ssdm name="store_ln67"/></StgValue>
</operation>

<operation id="18" st_id="1" stage="1" lat="1">
<core>Cmp</core>
<MemPortIdVec></MemPortIdVec>
<condition id="-1">
<or_exp><and_exp></and_exp></or_exp>
</condition>

<Node id="37" bw="1" op_0_bw="8" op_1_bw="8">
<![CDATA[
entry:25 %icmp_ln10 = icmp_ugt  i8 %sortBuffer_1, i8 %sortBuffer_2

]]></Node>
<StgValue><ssdm name="icmp_ln10"/></StgValue>
</operation>

<operation id="19" st_id="1" stage="1" lat="1">
<core>Sel</core>
<MemPortIdVec></MemPortIdVec>
<condition id="-1">
<or_exp><and_exp></and_exp></or_exp>
</condition>

<Node id="38" bw="8" op_0_bw="1" op_1_bw="8" op_2_bw="8">
<![CDATA[
entry:26 %select_ln10 = select i1 %icmp_ln10, i8 %sortBuffer_1, i8 %sortBuffer_2

]]></Node>
<StgValue><ssdm name="select_ln10"/></StgValue>
</operation>

<operation id="20" st_id="1" stage="1" lat="1">
<core>Sel</core>
<MemPortIdVec></MemPortIdVec>
<condition id="-1">
<or_exp><and_exp></and_exp></or_exp>
</condition>

<Node id="39" bw="8" op_0_bw="1" op_1_bw="8" op_2_bw="8">
<![CDATA[
entry:27 %select_ln10_1 = select i1 %icmp_ln10, i8 %sortBuffer_2, i8 %sortBuffer_1

]]></Node>
<StgValue><ssdm name="select_ln10_1"/></StgValue>
</operation>

<operation id="21" st_id="1" stage="1" lat="1">
<core>Cmp</core>
<MemPortIdVec></MemPortIdVec>
<condition id="-1">
<or_exp><and_exp></and_exp></or_exp>
</condition>

<Node id="40" bw="1" op_0_bw="8" op_1_bw="8">
<![CDATA[
entry:28 %icmp_ln10_1 = icmp_ugt  i8 %sortBuffer_4, i8 %sortBuffer_5

]]></Node>
<StgValue><ssdm name="icmp_ln10_1"/></StgValue>
</operation>

<operation id="22" st_id="1" stage="1" lat="1">
<core>Sel</core>
<MemPortIdVec></MemPortIdVec>
<condition id="-1">
<or_exp><and_exp></and_exp></or_exp>
</condition>

<Node id="41" bw="8" op_0_bw="1" op_1_bw="8" op_2_bw="8">
<![CDATA[
entry:29 %select_ln10_2 = select i1 %icmp_ln10_1, i8 %sortBuffer_4, i8 %sortBuffer_5

]]></Node>
<StgValue><ssdm name="select_ln10_2"/></StgValue>
</operation>

<operation id="23" st_id="1" stage="1" lat="1">
<core>Sel</core>
<MemPortIdVec></MemPortIdVec>
<condition id="-1">
<or_exp><and_exp></and_exp></or_exp>
</condition>

<Node id="42" bw="8" op_0_bw="1" op_1_bw="8" op_2_bw="8">
<![CDATA[
entry:30 %select_ln10_3 = select i1 %icmp_ln10_1, i8 %sortBuffer_5, i8 %sortBuffer_4

]]></Node>
<StgValue><ssdm name="select_ln10_3"/></StgValue>
</operation>

<operation id="24" st_id="1" stage="1" lat="1">
<core>Cmp</core>
<MemPortIdVec></MemPortIdVec>
<condition id="-1">
<or_exp><and_exp></and_exp></or_exp>
</condition>

<Node id="43" bw="1" op_0_bw="8" op_1_bw="8">
<![CDATA[
entry:31 %icmp_ln10_2 = icmp_ugt  i8 %sortBuffer_7, i8 %sortBuffer_8

]]></Node>
<StgValue><ssdm name="icmp_ln10_2"/></StgValue>
</operation>

<operation id="25" st_id="1" stage="1" lat="1">
<core>Sel</core>
<MemPortIdVec></MemPortIdVec>
<condition id="-1">
<or_exp><and_exp></and_exp></or_exp>
</condition>

<Node id="44" bw="8" op_0_bw="1" op_1_bw="8" op_2_bw="8">
<![CDATA[
entry:32 %select_ln10_4 = select i1 %icmp_ln10_2, i8 %sortBuffer_7, i8 %sortBuffer_8

]]></Node>
<StgValue><ssdm name="select_ln10_4"/></StgValue>
</operation>

<operation id="26" st_id="1" stage="1" lat="1">
<core>Sel</core>
<MemPortIdVec></MemPortIdVec>
<condition id="-1">
<or_exp><and_exp></and_exp></or_exp>
</condition>

<Node id="45" bw="8" op_0_bw="1" op_1_bw="8" op_2_bw="8">
<![CDATA[
entry:33 %select_ln10_5 = select i1 %icmp_ln10_2, i8 %sortBuffer_8, i8 %sortBuffer_7

]]></Node>
<StgValue><ssdm name="select_ln10_5"/></StgValue>
</operation>

<operation id="27" st_id="1" stage="1" lat="1">
<core>Cmp</core>
<MemPortIdVec></MemPortIdVec>
<condition id="-1">
<or_exp><and_exp></and_exp></or_exp>
</condition>

<Node id="46" bw="1" op_0_bw="8" op_1_bw="8">
<![CDATA[
entry:34 %icmp_ln11 = icmp_ult  i8 %select_ln10_1, i8 %row1_read

]]></Node>
<StgValue><ssdm name="icmp_ln11"/></StgValue>
</operation>

<operation id="28" st_id="1" stage="1" lat="1">
<core>Sel</core>
<MemPortIdVec></MemPortIdVec>
<condition id="-1">
<or_exp><and_exp></and_exp></or_exp>
</condition>

<Node id="47" bw="8" op_0_bw="1" op_1_bw="8" op_2_bw="8">
<![CDATA[
entry:35 %temp_1 = select i1 %icmp_ln11, i8 %select_ln10_1, i8 %row1_read

]]></Node>
<StgValue><ssdm name="temp_1"/></StgValue>
</operation>

<operation id="29" st_id="1" stage="1" lat="1">
<core>Sel</core>
<MemPortIdVec></MemPortIdVec>
<condition id="-1">
<or_exp><and_exp></and_exp></or_exp>
</condition>

<Node id="48" bw="8" op_0_bw="1" op_1_bw="8" op_2_bw="8">
<![CDATA[
entry:36 %temp_2 = select i1 %icmp_ln11, i8 %row1_read, i8 %select_ln10_1

]]></Node>
<StgValue><ssdm name="temp_2"/></StgValue>
</operation>

<operation id="30" st_id="1" stage="1" lat="1">
<core>Cmp</core>
<MemPortIdVec></MemPortIdVec>
<condition id="-1">
<or_exp><and_exp></and_exp></or_exp>
</condition>

<Node id="49" bw="1" op_0_bw="8" op_1_bw="8">
<![CDATA[
entry:37 %icmp_ln11_1 = icmp_ult  i8 %select_ln10_3, i8 %row2_read

]]></Node>
<StgValue><ssdm name="icmp_ln11_1"/></StgValue>
</operation>

<operation id="31" st_id="1" stage="1" lat="1">
<core>Sel</core>
<MemPortIdVec></MemPortIdVec>
<condition id="-1">
<or_exp><and_exp></and_exp></or_exp>
</condition>

<Node id="50" bw="8" op_0_bw="1" op_1_bw="8" op_2_bw="8">
<![CDATA[
entry:38 %select_ln11 = select i1 %icmp_ln11_1, i8 %select_ln10_3, i8 %row2_read

]]></Node>
<StgValue><ssdm name="select_ln11"/></StgValue>
</operation>

<operation id="32" st_id="1" stage="1" lat="1">
<core>Sel</core>
<MemPortIdVec></MemPortIdVec>
<condition id="-1">
<or_exp><and_exp></and_exp></or_exp>
</condition>

<Node id="51" bw="8" op_0_bw="1" op_1_bw="8" op_2_bw="8">
<![CDATA[
entry:39 %temp_3 = select i1 %icmp_ln11_1, i8 %row2_read, i8 %select_ln10_3

]]></Node>
<StgValue><ssdm name="temp_3"/></StgValue>
</operation>

<operation id="33" st_id="1" stage="1" lat="1">
<core>Cmp</core>
<MemPortIdVec></MemPortIdVec>
<condition id="-1">
<or_exp><and_exp></and_exp></or_exp>
</condition>

<Node id="52" bw="1" op_0_bw="8" op_1_bw="8">
<![CDATA[
entry:40 %icmp_ln11_2 = icmp_ult  i8 %select_ln10_5, i8 %row3_read

]]></Node>
<StgValue><ssdm name="icmp_ln11_2"/></StgValue>
</operation>

<operation id="34" st_id="1" stage="1" lat="1">
<core>Sel</core>
<MemPortIdVec></MemPortIdVec>
<condition id="-1">
<or_exp><and_exp></and_exp></or_exp>
</condition>

<Node id="53" bw="8" op_0_bw="1" op_1_bw="8" op_2_bw="8">
<![CDATA[
entry:41 %select_ln11_3 = select i1 %icmp_ln11_2, i8 %select_ln10_5, i8 %row3_read

]]></Node>
<StgValue><ssdm name="select_ln11_3"/></StgValue>
</operation>

<operation id="35" st_id="1" stage="1" lat="1">
<core>Sel</core>
<MemPortIdVec></MemPortIdVec>
<condition id="-1">
<or_exp><and_exp></and_exp></or_exp>
</condition>

<Node id="54" bw="8" op_0_bw="1" op_1_bw="8" op_2_bw="8">
<![CDATA[
entry:42 %temp_4 = select i1 %icmp_ln11_2, i8 %row3_read, i8 %select_ln10_5

]]></Node>
<StgValue><ssdm name="temp_4"/></StgValue>
</operation>

<operation id="36" st_id="1" stage="1" lat="1">
<core>Cmp</core>
<MemPortIdVec></MemPortIdVec>
<condition id="-1">
<or_exp><and_exp></and_exp></or_exp>
</condition>

<Node id="55" bw="1" op_0_bw="8" op_1_bw="8">
<![CDATA[
entry:43 %icmp_ln12 = icmp_ugt  i8 %temp_2, i8 %select_ln10

]]></Node>
<StgValue><ssdm name="icmp_ln12"/></StgValue>
</operation>

<operation id="37" st_id="1" stage="1" lat="1">
<core>Sel</core>
<MemPortIdVec></MemPortIdVec>
<condition id="-1">
<or_exp><and_exp></and_exp></or_exp>
</condition>

<Node id="56" bw="8" op_0_bw="1" op_1_bw="8" op_2_bw="8">
<![CDATA[
entry:44 %temp_5 = select i1 %icmp_ln12, i8 %temp_2, i8 %select_ln10

]]></Node>
<StgValue><ssdm name="temp_5"/></StgValue>
</operation>

<operation id="38" st_id="1" stage="1" lat="1">
<core>Sel</core>
<MemPortIdVec></MemPortIdVec>
<condition id="-1">
<or_exp><and_exp></and_exp></or_exp>
</condition>

<Node id="57" bw="8" op_0_bw="1" op_1_bw="8" op_2_bw="8">
<![CDATA[
entry:45 %temp_6 = select i1 %icmp_ln12, i8 %select_ln10, i8 %temp_2

]]></Node>
<StgValue><ssdm name="temp_6"/></StgValue>
</operation>

<operation id="39" st_id="1" stage="1" lat="1">
<core>Cmp</core>
<MemPortIdVec></MemPortIdVec>
<condition id="-1">
<or_exp><and_exp></and_exp></or_exp>
</condition>

<Node id="58" bw="1" op_0_bw="8" op_1_bw="8">
<![CDATA[
entry:46 %icmp_ln12_1 = icmp_ugt  i8 %temp_3, i8 %select_ln10_2

]]></Node>
<StgValue><ssdm name="icmp_ln12_1"/></StgValue>
</operation>

<operation id="40" st_id="1" stage="1" lat="1">
<core>Sel</core>
<MemPortIdVec></MemPortIdVec>
<condition id="-1">
<or_exp><and_exp></and_exp></or_exp>
</condition>

<Node id="59" bw="8" op_0_bw="1" op_1_bw="8" op_2_bw="8">
<![CDATA[
entry:47 %temp_7 = select i1 %icmp_ln12_1, i8 %select_ln10_2, i8 %temp_3

]]></Node>
<StgValue><ssdm name="temp_7"/></StgValue>
</operation>

<operation id="41" st_id="1" stage="1" lat="1">
<core>Sel</core>
<MemPortIdVec></MemPortIdVec>
<condition id="-1">
<or_exp><and_exp></and_exp></or_exp>
</condition>

<Node id="60" bw="8" op_0_bw="1" op_1_bw="8" op_2_bw="8">
<![CDATA[
entry:48 %temp_8 = select i1 %icmp_ln12_1, i8 %temp_3, i8 %select_ln10_2

]]></Node>
<StgValue><ssdm name="temp_8"/></StgValue>
</operation>

<operation id="42" st_id="1" stage="1" lat="1">
<core>Cmp</core>
<MemPortIdVec></MemPortIdVec>
<condition id="-1">
<or_exp><and_exp></and_exp></or_exp>
</condition>

<Node id="61" bw="1" op_0_bw="8" op_1_bw="8">
<![CDATA[
entry:49 %icmp_ln12_2 = icmp_ugt  i8 %temp_4, i8 %select_ln10_4

]]></Node>
<StgValue><ssdm name="icmp_ln12_2"/></StgValue>
</operation>

<operation id="43" st_id="1" stage="1" lat="1">
<core>Sel</core>
<MemPortIdVec></MemPortIdVec>
<condition id="-1">
<or_exp><and_exp></and_exp></or_exp>
</condition>

<Node id="62" bw="8" op_0_bw="1" op_1_bw="8" op_2_bw="8">
<![CDATA[
entry:50 %select_ln12 = select i1 %icmp_ln12_2, i8 %select_ln10_4, i8 %temp_4

]]></Node>
<StgValue><ssdm name="select_ln12"/></StgValue>
</operation>

<operation id="44" st_id="1" stage="1" lat="1">
<core>Sel</core>
<MemPortIdVec></MemPortIdVec>
<condition id="-1">
<or_exp><and_exp></and_exp></or_exp>
</condition>

<Node id="63" bw="8" op_0_bw="1" op_1_bw="8" op_2_bw="8">
<![CDATA[
entry:51 %select_ln12_2 = select i1 %icmp_ln12_2, i8 %temp_4, i8 %select_ln10_4

]]></Node>
<StgValue><ssdm name="select_ln12_2"/></StgValue>
</operation>

<operation id="45" st_id="1" stage="1" lat="1">
<core>Cmp</core>
<MemPortIdVec></MemPortIdVec>
<condition id="-1">
<or_exp><and_exp></and_exp></or_exp>
</condition>

<Node id="64" bw="1" op_0_bw="8" op_1_bw="8">
<![CDATA[
entry:52 %icmp_ln13 = icmp_ugt  i8 %temp_1, i8 %select_ln11

]]></Node>
<StgValue><ssdm name="icmp_ln13"/></StgValue>
</operation>

<operation id="46" st_id="1" stage="1" lat="1">
<core>Sel</core>
<MemPortIdVec></MemPortIdVec>
<condition id="-1">
<or_exp><and_exp></and_exp></or_exp>
</condition>

<Node id="65" bw="8" op_0_bw="1" op_1_bw="8" op_2_bw="8">
<![CDATA[
entry:53 %temp_9 = select i1 %icmp_ln13, i8 %temp_1, i8 %select_ln11

]]></Node>
<StgValue><ssdm name="temp_9"/></StgValue>
</operation>

<operation id="47" st_id="1" stage="1" lat="1">
<core>Cmp</core>
<MemPortIdVec></MemPortIdVec>
<condition id="-1">
<or_exp><and_exp></and_exp></or_exp>
</condition>

<Node id="66" bw="1" op_0_bw="8" op_1_bw="8">
<![CDATA[
entry:54 %icmp_ln13_1 = icmp_ugt  i8 %temp_8, i8 %select_ln12_2

]]></Node>
<StgValue><ssdm name="icmp_ln13_1"/></StgValue>
</operation>

<operation id="48" st_id="1" stage="1" lat="1">
<core>Sel</core>
<MemPortIdVec></MemPortIdVec>
<condition id="-1">
<or_exp><and_exp></and_exp></or_exp>
</condition>

<Node id="67" bw="8" op_0_bw="1" op_1_bw="8" op_2_bw="8">
<![CDATA[
entry:55 %select_ln13 = select i1 %icmp_ln13_1, i8 %select_ln12_2, i8 %temp_8

]]></Node>
<StgValue><ssdm name="select_ln13"/></StgValue>
</operation>

<operation id="49" st_id="1" stage="1" lat="1">
<core>Cmp</core>
<MemPortIdVec></MemPortIdVec>
<condition id="-1">
<or_exp><and_exp></and_exp></or_exp>
</condition>

<Node id="68" bw="1" op_0_bw="8" op_1_bw="8">
<![CDATA[
entry:56 %icmp_ln13_2 = icmp_ugt  i8 %temp_7, i8 %select_ln12

]]></Node>
<StgValue><ssdm name="icmp_ln13_2"/></StgValue>
</operation>

<operation id="50" st_id="1" stage="1" lat="1">
<core>Sel</core>
<MemPortIdVec></MemPortIdVec>
<condition id="-1">
<or_exp><and_exp></and_exp></or_exp>
</condition>

<Node id="69" bw="8" op_0_bw="1" op_1_bw="8" op_2_bw="8">
<![CDATA[
entry:57 %select_ln13_1 = select i1 %icmp_ln13_2, i8 %temp_7, i8 %select_ln12

]]></Node>
<StgValue><ssdm name="select_ln13_1"/></StgValue>
</operation>

<operation id="51" st_id="1" stage="1" lat="1">
<core>Sel</core>
<MemPortIdVec></MemPortIdVec>
<condition id="-1">
<or_exp><and_exp></and_exp></or_exp>
</condition>

<Node id="70" bw="8" op_0_bw="1" op_1_bw="8" op_2_bw="8">
<![CDATA[
entry:58 %select_ln13_2 = select i1 %icmp_ln13_2, i8 %select_ln12, i8 %temp_7

]]></Node>
<StgValue><ssdm name="select_ln13_2"/></StgValue>
</operation>

<operation id="52" st_id="1" stage="1" lat="1">
<core>Cmp</core>
<MemPortIdVec></MemPortIdVec>
<condition id="-1">
<or_exp><and_exp></and_exp></or_exp>
</condition>

<Node id="71" bw="1" op_0_bw="8" op_1_bw="8">
<![CDATA[
entry:59 %icmp_ln14 = icmp_ugt  i8 %temp_9, i8 %select_ln11_3

]]></Node>
<StgValue><ssdm name="icmp_ln14"/></StgValue>
</operation>

<operation id="53" st_id="1" stage="1" lat="1">
<core>Sel</core>
<MemPortIdVec></MemPortIdVec>
<condition id="-1">
<or_exp><and_exp></and_exp></or_exp>
</condition>

<Node id="72" bw="8" op_0_bw="1" op_1_bw="8" op_2_bw="8">
<![CDATA[
entry:60 %temp_10 = select i1 %icmp_ln14, i8 %temp_9, i8 %select_ln11_3

]]></Node>
<StgValue><ssdm name="temp_10"/></StgValue>
</operation>

<operation id="54" st_id="1" stage="1" lat="1">
<core>Cmp</core>
<MemPortIdVec></MemPortIdVec>
<condition id="-1">
<or_exp><and_exp></and_exp></or_exp>
</condition>

<Node id="73" bw="1" op_0_bw="8" op_1_bw="8">
<![CDATA[
entry:61 %icmp_ln14_1 = icmp_ugt  i8 %temp_6, i8 %select_ln13_2

]]></Node>
<StgValue><ssdm name="icmp_ln14_1"/></StgValue>
</operation>

<operation id="55" st_id="1" stage="1" lat="1">
<core>Sel</core>
<MemPortIdVec></MemPortIdVec>
<condition id="-1">
<or_exp><and_exp></and_exp></or_exp>
</condition>

<Node id="74" bw="8" op_0_bw="1" op_1_bw="8" op_2_bw="8">
<![CDATA[
entry:62 %temp_11 = select i1 %icmp_ln14_1, i8 %temp_6, i8 %select_ln13_2

]]></Node>
<StgValue><ssdm name="temp_11"/></StgValue>
</operation>

<operation id="56" st_id="1" stage="1" lat="1">
<core>Cmp</core>
<MemPortIdVec></MemPortIdVec>
<condition id="-1">
<or_exp><and_exp></and_exp></or_exp>
</condition>

<Node id="75" bw="1" op_0_bw="8" op_1_bw="8">
<![CDATA[
entry:63 %icmp_ln14_2 = icmp_ugt  i8 %temp_5, i8 %select_ln13

]]></Node>
<StgValue><ssdm name="icmp_ln14_2"/></StgValue>
</operation>

<operation id="57" st_id="1" stage="1" lat="1">
<core>Sel</core>
<MemPortIdVec></MemPortIdVec>
<condition id="-1">
<or_exp><and_exp></and_exp></or_exp>
</condition>

<Node id="76" bw="8" op_0_bw="1" op_1_bw="8" op_2_bw="8">
<![CDATA[
entry:64 %select_ln14 = select i1 %icmp_ln14_2, i8 %select_ln13, i8 %temp_5

]]></Node>
<StgValue><ssdm name="select_ln14"/></StgValue>
</operation>

<operation id="58" st_id="1" stage="1" lat="1">
<core>Cmp</core>
<MemPortIdVec></MemPortIdVec>
<condition id="-1">
<or_exp><and_exp></and_exp></or_exp>
</condition>

<Node id="77" bw="1" op_0_bw="8" op_1_bw="8">
<![CDATA[
entry:65 %icmp_ln15 = icmp_ugt  i8 %temp_11, i8 %select_ln13_1

]]></Node>
<StgValue><ssdm name="icmp_ln15"/></StgValue>
</operation>

<operation id="59" st_id="1" stage="1" lat="1">
<core>Sel</core>
<MemPortIdVec></MemPortIdVec>
<condition id="-1">
<or_exp><and_exp></and_exp></or_exp>
</condition>

<Node id="78" bw="8" op_0_bw="1" op_1_bw="8" op_2_bw="8">
<![CDATA[
entry:66 %temp_12 = select i1 %icmp_ln15, i8 %select_ln13_1, i8 %temp_11

]]></Node>
<StgValue><ssdm name="temp_12"/></StgValue>
</operation>
</state>

<state id="2" st_id="2">

<operation id="60" st_id="2" stage="1" lat="1">
<core>NULL</core>
<MemPortIdVec></MemPortIdVec>
<condition id="-1">
<or_exp><and_exp></and_exp></or_exp>
</condition>

<Node id="12" bw="0" op_0_bw="0" op_1_bw="32" op_2_bw="32" op_3_bw="32" op_4_bw="32" op_5_bw="0">
<![CDATA[
entry:0 %specpipeline_ln0 = specpipeline void @_ssdm_op_SpecPipeline, i32 1, i32 0, i32 0, i32 0, void @empty_0

]]></Node>
<StgValue><ssdm name="specpipeline_ln0"/></StgValue>
</operation>

<operation id="61" st_id="2" stage="1" lat="1">
<core>NULL</core>
<MemPortIdVec></MemPortIdVec>
<condition id="-1">
<or_exp><and_exp></and_exp></or_exp>
</condition>

<Node id="13" bw="0" op_0_bw="0" op_1_bw="0">
<![CDATA[
entry:1 %spectopmodule_ln0 = spectopmodule void @_ssdm_op_SpecTopModule, void @empty_1

]]></Node>
<StgValue><ssdm name="spectopmodule_ln0"/></StgValue>
</operation>

<operation id="62" st_id="2" stage="1" lat="1">
<core>NULL</core>
<MemPortIdVec></MemPortIdVec>
<condition id="-1">
<or_exp><and_exp></and_exp></or_exp>
</condition>

<Node id="14" bw="0" op_0_bw="0" op_1_bw="8">
<![CDATA[
entry:2 %specbitsmap_ln0 = specbitsmap void @_ssdm_op_SpecBitsMap, i8 %row1

]]></Node>
<StgValue><ssdm name="specbitsmap_ln0"/></StgValue>
</operation>

<operation id="63" st_id="2" stage="1" lat="1">
<core>NULL</core>
<MemPortIdVec></MemPortIdVec>
<condition id="-1">
<or_exp><and_exp></and_exp></or_exp>
</condition>

<Node id="15" bw="0" op_0_bw="0" op_1_bw="8" op_2_bw="0" op_3_bw="32" op_4_bw="32" op_5_bw="0" op_6_bw="32" op_7_bw="32" op_8_bw="0" op_9_bw="0" op_10_bw="0" op_11_bw="32" op_12_bw="32" op_13_bw="32" op_14_bw="32" op_15_bw="0" op_16_bw="0">
<![CDATA[
entry:3 %specinterface_ln0 = specinterface void @_ssdm_op_SpecInterface, i8 %row1, void @empty, i32 0, i32 0, void @empty_0, i32 0, i32 0, void @empty_0, void @empty_0, void @empty_0, i32 0, i32 0, i32 0, i32 0, void @empty_0, void @empty_0

]]></Node>
<StgValue><ssdm name="specinterface_ln0"/></StgValue>
</operation>

<operation id="64" st_id="2" stage="1" lat="1">
<core>NULL</core>
<MemPortIdVec></MemPortIdVec>
<condition id="-1">
<or_exp><and_exp></and_exp></or_exp>
</condition>

<Node id="16" bw="0" op_0_bw="0" op_1_bw="8">
<![CDATA[
entry:4 %specbitsmap_ln0 = specbitsmap void @_ssdm_op_SpecBitsMap, i8 %row2

]]></Node>
<StgValue><ssdm name="specbitsmap_ln0"/></StgValue>
</operation>

<operation id="65" st_id="2" stage="1" lat="1">
<core>NULL</core>
<MemPortIdVec></MemPortIdVec>
<condition id="-1">
<or_exp><and_exp></and_exp></or_exp>
</condition>

<Node id="17" bw="0" op_0_bw="0" op_1_bw="8" op_2_bw="0" op_3_bw="32" op_4_bw="32" op_5_bw="0" op_6_bw="32" op_7_bw="32" op_8_bw="0" op_9_bw="0" op_10_bw="0" op_11_bw="32" op_12_bw="32" op_13_bw="32" op_14_bw="32" op_15_bw="0" op_16_bw="0">
<![CDATA[
entry:5 %specinterface_ln0 = specinterface void @_ssdm_op_SpecInterface, i8 %row2, void @empty, i32 0, i32 0, void @empty_0, i32 0, i32 0, void @empty_0, void @empty_0, void @empty_0, i32 0, i32 0, i32 0, i32 0, void @empty_0, void @empty_0

]]></Node>
<StgValue><ssdm name="specinterface_ln0"/></StgValue>
</operation>

<operation id="66" st_id="2" stage="1" lat="1">
<core>NULL</core>
<MemPortIdVec></MemPortIdVec>
<condition id="-1">
<or_exp><and_exp></and_exp></or_exp>
</condition>

<Node id="18" bw="0" op_0_bw="0" op_1_bw="8">
<![CDATA[
entry:6 %specbitsmap_ln0 = specbitsmap void @_ssdm_op_SpecBitsMap, i8 %row3

]]></Node>
<StgValue><ssdm name="specbitsmap_ln0"/></StgValue>
</operation>

<operation id="67" st_id="2" stage="1" lat="1">
<core>NULL</core>
<MemPortIdVec></MemPortIdVec>
<condition id="-1">
<or_exp><and_exp></and_exp></or_exp>
</condition>

<Node id="19" bw="0" op_0_bw="0" op_1_bw="8" op_2_bw="0" op_3_bw="32" op_4_bw="32" op_5_bw="0" op_6_bw="32" op_7_bw="32" op_8_bw="0" op_9_bw="0" op_10_bw="0" op_11_bw="32" op_12_bw="32" op_13_bw="32" op_14_bw="32" op_15_bw="0" op_16_bw="0">
<![CDATA[
entry:7 %specinterface_ln0 = specinterface void @_ssdm_op_SpecInterface, i8 %row3, void @empty, i32 0, i32 0, void @empty_0, i32 0, i32 0, void @empty_0, void @empty_0, void @empty_0, i32 0, i32 0, i32 0, i32 0, void @empty_0, void @empty_0

]]></Node>
<StgValue><ssdm name="specinterface_ln0"/></StgValue>
</operation>

<operation id="68" st_id="2" stage="1" lat="1">
<core>NULL</core>
<MemPortIdVec></MemPortIdVec>
<condition id="-1">
<or_exp><and_exp></and_exp></or_exp>
</condition>

<Node id="20" bw="0" op_0_bw="0" op_1_bw="8">
<![CDATA[
entry:8 %specbitsmap_ln0 = specbitsmap void @_ssdm_op_SpecBitsMap, i8 %V

]]></Node>
<StgValue><ssdm name="specbitsmap_ln0"/></StgValue>
</operation>

<operation id="69" st_id="2" stage="1" lat="1">
<core>NULL</core>
<MemPortIdVec></MemPortIdVec>
<condition id="-1">
<or_exp><and_exp></and_exp></or_exp>
</condition>

<Node id="21" bw="0" op_0_bw="0" op_1_bw="8" op_2_bw="0" op_3_bw="32" op_4_bw="32" op_5_bw="0" op_6_bw="32" op_7_bw="32" op_8_bw="0" op_9_bw="0" op_10_bw="0" op_11_bw="32" op_12_bw="32" op_13_bw="32" op_14_bw="32" op_15_bw="0" op_16_bw="0">
<![CDATA[
entry:9 %specinterface_ln0 = specinterface void @_ssdm_op_SpecInterface, i8 %V, void @empty, i32 0, i32 0, void @empty_0, i32 0, i32 0, void @empty_0, void @empty_0, void @empty_0, i32 0, i32 0, i32 0, i32 0, void @empty_0, void @empty_0

]]></Node>
<StgValue><ssdm name="specinterface_ln0"/></StgValue>
</operation>

<operation id="70" st_id="2" stage="1" lat="1">
<core>Cmp</core>
<MemPortIdVec></MemPortIdVec>
<condition id="-1">
<or_exp><and_exp></and_exp></or_exp>
</condition>

<Node id="79" bw="1" op_0_bw="8" op_1_bw="8">
<![CDATA[
entry:67 %icmp_ln15_1 = icmp_ugt  i8 %temp_12, i8 %select_ln14

]]></Node>
<StgValue><ssdm name="icmp_ln15_1"/></StgValue>
</operation>

<operation id="71" st_id="2" stage="1" lat="1">
<core>Sel</core>
<MemPortIdVec></MemPortIdVec>
<condition id="-1">
<or_exp><and_exp></and_exp></or_exp>
</condition>

<Node id="80" bw="8" op_0_bw="1" op_1_bw="8" op_2_bw="8">
<![CDATA[
entry:68 %select_ln15 = select i1 %icmp_ln15_1, i8 %temp_12, i8 %select_ln14

]]></Node>
<StgValue><ssdm name="select_ln15"/></StgValue>
</operation>

<operation id="72" st_id="2" stage="1" lat="1">
<core>Sel</core>
<MemPortIdVec></MemPortIdVec>
<condition id="-1">
<or_exp><and_exp></and_exp></or_exp>
</condition>

<Node id="81" bw="8" op_0_bw="1" op_1_bw="8" op_2_bw="8">
<![CDATA[
entry:69 %select_ln15_1 = select i1 %icmp_ln15_1, i8 %select_ln14, i8 %temp_12

]]></Node>
<StgValue><ssdm name="select_ln15_1"/></StgValue>
</operation>

<operation id="73" st_id="2" stage="1" lat="1">
<core>Cmp</core>
<MemPortIdVec></MemPortIdVec>
<condition id="-1">
<or_exp><and_exp></and_exp></or_exp>
</condition>

<Node id="82" bw="1" op_0_bw="8" op_1_bw="8">
<![CDATA[
entry:70 %icmp_ln15_2 = icmp_ugt  i8 %temp_10, i8 %select_ln15_1

]]></Node>
<StgValue><ssdm name="icmp_ln15_2"/></StgValue>
</operation>

<operation id="74" st_id="2" stage="1" lat="1">
<core>Sel</core>
<MemPortIdVec></MemPortIdVec>
<condition id="-1">
<or_exp><and_exp></and_exp></or_exp>
</condition>

<Node id="83" bw="8" op_0_bw="1" op_1_bw="8" op_2_bw="8">
<![CDATA[
entry:71 %temp_13 = select i1 %icmp_ln15_2, i8 %temp_10, i8 %select_ln15_1

]]></Node>
<StgValue><ssdm name="temp_13"/></StgValue>
</operation>

<operation id="75" st_id="2" stage="1" lat="1">
<core>Cmp</core>
<MemPortIdVec></MemPortIdVec>
<condition id="-1">
<or_exp><and_exp></and_exp></or_exp>
</condition>

<Node id="84" bw="1" op_0_bw="8" op_1_bw="8">
<![CDATA[
entry:72 %icmp_ln16 = icmp_ugt  i8 %temp_13, i8 %select_ln15

]]></Node>
<StgValue><ssdm name="icmp_ln16"/></StgValue>
</operation>

<operation id="76" st_id="2" stage="1" lat="1">
<core>Sel</core>
<MemPortIdVec></MemPortIdVec>
<condition id="-1">
<or_exp><and_exp></and_exp></or_exp>
</condition>

<Node id="85" bw="8" op_0_bw="1" op_1_bw="8" op_2_bw="8">
<![CDATA[
entry:73 %select_ln16 = select i1 %icmp_ln16, i8 %select_ln15, i8 %temp_13

]]></Node>
<StgValue><ssdm name="select_ln16"/></StgValue>
</operation>

<operation id="77" st_id="2" stage="1" lat="1">
<core>NULL</core>
<MemPortIdVec></MemPortIdVec>
<condition id="-1">
<or_exp><and_exp></and_exp></or_exp>
</condition>

<Node id="86" bw="0" op_0_bw="0" op_1_bw="8" op_2_bw="8">
<![CDATA[
entry:74 %write_ln73 = write void @_ssdm_op_Write.ap_auto.i8P0A, i8 %V, i8 %select_ln16

]]></Node>
<StgValue><ssdm name="write_ln73"/></StgValue>
</operation>

<operation id="78" st_id="2" stage="1" lat="1">
<core>NULL</core>
<MemPortIdVec></MemPortIdVec>
<condition id="-1">
<or_exp><and_exp></and_exp></or_exp>
</condition>

<Node id="87" bw="0">
<![CDATA[
entry:75 %ret_ln74 = ret

]]></Node>
<StgValue><ssdm name="ret_ln74"/></StgValue>
</operation>
</state>
</state_list>


<ports>
<port id="82" name="row1" dir="0" iftype="0">
<core>NULL</core><StgValue><ssdm name="row1"/></StgValue>
</port>
<port id="83" name="row2" dir="0" iftype="0">
<core>NULL</core><StgValue><ssdm name="row2"/></StgValue>
</port>
<port id="84" name="row3" dir="0" iftype="0">
<core>NULL</core><StgValue><ssdm name="row3"/></StgValue>
</port>
<port id="85" name="V" dir="1" iftype="0">
<core>NULL</core><StgValue><ssdm name="V"/></StgValue>
</port>
<port id="86" name="pixelWindowBuffer_1" dir="2" iftype="0">
<core>NULL</core><StgValue><ssdm name="pixelWindowBuffer_1"/></StgValue>
</port>
<port id="87" name="pixelWindowBuffer_0" dir="2" iftype="0">
<core>NULL</core><StgValue><ssdm name="pixelWindowBuffer_0"/></StgValue>
</port>
<port id="88" name="pixelWindowBuffer_4" dir="2" iftype="0">
<core>NULL</core><StgValue><ssdm name="pixelWindowBuffer_4"/></StgValue>
</port>
<port id="89" name="pixelWindowBuffer_3" dir="2" iftype="0">
<core>NULL</core><StgValue><ssdm name="pixelWindowBuffer_3"/></StgValue>
</port>
<port id="90" name="pixelWindowBuffer_7" dir="2" iftype="0">
<core>NULL</core><StgValue><ssdm name="pixelWindowBuffer_7"/></StgValue>
</port>
<port id="91" name="pixelWindowBuffer_6" dir="2" iftype="0">
<core>NULL</core><StgValue><ssdm name="pixelWindowBuffer_6"/></StgValue>
</port>
</ports>


<dataflows>
<dataflow id="93" from="_ssdm_op_Read.ap_auto.i8" to="row3_read" fromId="92" toId="3">
</dataflow>
<dataflow id="94" from="row3" to="row3_read" fromId="84" toId="3">
</dataflow>
<dataflow id="95" from="_ssdm_op_Read.ap_auto.i8" to="row2_read" fromId="92" toId="4">
</dataflow>
<dataflow id="96" from="row2" to="row2_read" fromId="83" toId="4">
</dataflow>
<dataflow id="97" from="_ssdm_op_Read.ap_auto.i8" to="row1_read" fromId="92" toId="5">
</dataflow>
<dataflow id="98" from="row1" to="row1_read" fromId="82" toId="5">
</dataflow>
<dataflow id="99" from="pixelWindowBuffer_1" to="sortBuffer_2" fromId="86" toId="6">
</dataflow>
<dataflow id="100" from="pixelWindowBuffer_0" to="sortBuffer_1" fromId="87" toId="7">
</dataflow>
<dataflow id="101" from="sortBuffer_1" to="store_ln58" fromId="7" toId="8">
</dataflow>
<dataflow id="102" from="pixelWindowBuffer_1" to="store_ln58" fromId="86" toId="8">
</dataflow>
<dataflow id="103" from="pixelWindowBuffer_4" to="sortBuffer_5" fromId="88" toId="9">
</dataflow>
<dataflow id="104" from="pixelWindowBuffer_3" to="sortBuffer_4" fromId="89" toId="10">
</dataflow>
<dataflow id="105" from="sortBuffer_4" to="store_ln58" fromId="10" toId="11">
</dataflow>
<dataflow id="106" from="pixelWindowBuffer_4" to="store_ln58" fromId="88" toId="11">
</dataflow>
<dataflow id="107" from="pixelWindowBuffer_7" to="sortBuffer_8" fromId="90" toId="12">
</dataflow>
<dataflow id="108" from="pixelWindowBuffer_6" to="sortBuffer_7" fromId="91" toId="13">
</dataflow>
<dataflow id="109" from="sortBuffer_7" to="store_ln58" fromId="13" toId="14">
</dataflow>
<dataflow id="110" from="pixelWindowBuffer_7" to="store_ln58" fromId="90" toId="14">
</dataflow>
<dataflow id="111" from="row1_read" to="store_ln65" fromId="5" toId="15">
</dataflow>
<dataflow id="112" from="pixelWindowBuffer_0" to="store_ln65" fromId="87" toId="15">
</dataflow>
<dataflow id="113" from="row2_read" to="store_ln66" fromId="4" toId="16">
</dataflow>
<dataflow id="114" from="pixelWindowBuffer_3" to="store_ln66" fromId="89" toId="16">
</dataflow>
<dataflow id="115" from="row3_read" to="store_ln67" fromId="3" toId="17">
</dataflow>
<dataflow id="116" from="pixelWindowBuffer_6" to="store_ln67" fromId="91" toId="17">
</dataflow>
<dataflow id="117" from="sortBuffer_1" to="icmp_ln10" fromId="7" toId="18">
</dataflow>
<dataflow id="118" from="sortBuffer_2" to="icmp_ln10" fromId="6" toId="18">
</dataflow>
<dataflow id="119" from="icmp_ln10" to="select_ln10" fromId="18" toId="19">
</dataflow>
<dataflow id="120" from="sortBuffer_1" to="select_ln10" fromId="7" toId="19">
</dataflow>
<dataflow id="121" from="sortBuffer_2" to="select_ln10" fromId="6" toId="19">
</dataflow>
<dataflow id="122" from="icmp_ln10" to="select_ln10_1" fromId="18" toId="20">
</dataflow>
<dataflow id="123" from="sortBuffer_2" to="select_ln10_1" fromId="6" toId="20">
</dataflow>
<dataflow id="124" from="sortBuffer_1" to="select_ln10_1" fromId="7" toId="20">
</dataflow>
<dataflow id="125" from="sortBuffer_4" to="icmp_ln10_1" fromId="10" toId="21">
</dataflow>
<dataflow id="126" from="sortBuffer_5" to="icmp_ln10_1" fromId="9" toId="21">
</dataflow>
<dataflow id="127" from="icmp_ln10_1" to="select_ln10_2" fromId="21" toId="22">
</dataflow>
<dataflow id="128" from="sortBuffer_4" to="select_ln10_2" fromId="10" toId="22">
</dataflow>
<dataflow id="129" from="sortBuffer_5" to="select_ln10_2" fromId="9" toId="22">
</dataflow>
<dataflow id="130" from="icmp_ln10_1" to="select_ln10_3" fromId="21" toId="23">
</dataflow>
<dataflow id="131" from="sortBuffer_5" to="select_ln10_3" fromId="9" toId="23">
</dataflow>
<dataflow id="132" from="sortBuffer_4" to="select_ln10_3" fromId="10" toId="23">
</dataflow>
<dataflow id="133" from="sortBuffer_7" to="icmp_ln10_2" fromId="13" toId="24">
</dataflow>
<dataflow id="134" from="sortBuffer_8" to="icmp_ln10_2" fromId="12" toId="24">
</dataflow>
<dataflow id="135" from="icmp_ln10_2" to="select_ln10_4" fromId="24" toId="25">
</dataflow>
<dataflow id="136" from="sortBuffer_7" to="select_ln10_4" fromId="13" toId="25">
</dataflow>
<dataflow id="137" from="sortBuffer_8" to="select_ln10_4" fromId="12" toId="25">
</dataflow>
<dataflow id="138" from="icmp_ln10_2" to="select_ln10_5" fromId="24" toId="26">
</dataflow>
<dataflow id="139" from="sortBuffer_8" to="select_ln10_5" fromId="12" toId="26">
</dataflow>
<dataflow id="140" from="sortBuffer_7" to="select_ln10_5" fromId="13" toId="26">
</dataflow>
<dataflow id="141" from="select_ln10_1" to="icmp_ln11" fromId="20" toId="27">
</dataflow>
<dataflow id="142" from="row1_read" to="icmp_ln11" fromId="5" toId="27">
</dataflow>
<dataflow id="143" from="icmp_ln11" to="temp_1" fromId="27" toId="28">
</dataflow>
<dataflow id="144" from="select_ln10_1" to="temp_1" fromId="20" toId="28">
</dataflow>
<dataflow id="145" from="row1_read" to="temp_1" fromId="5" toId="28">
</dataflow>
<dataflow id="146" from="icmp_ln11" to="temp_2" fromId="27" toId="29">
</dataflow>
<dataflow id="147" from="row1_read" to="temp_2" fromId="5" toId="29">
</dataflow>
<dataflow id="148" from="select_ln10_1" to="temp_2" fromId="20" toId="29">
</dataflow>
<dataflow id="149" from="select_ln10_3" to="icmp_ln11_1" fromId="23" toId="30">
</dataflow>
<dataflow id="150" from="row2_read" to="icmp_ln11_1" fromId="4" toId="30">
</dataflow>
<dataflow id="151" from="icmp_ln11_1" to="select_ln11" fromId="30" toId="31">
</dataflow>
<dataflow id="152" from="select_ln10_3" to="select_ln11" fromId="23" toId="31">
</dataflow>
<dataflow id="153" from="row2_read" to="select_ln11" fromId="4" toId="31">
</dataflow>
<dataflow id="154" from="icmp_ln11_1" to="temp_3" fromId="30" toId="32">
</dataflow>
<dataflow id="155" from="row2_read" to="temp_3" fromId="4" toId="32">
</dataflow>
<dataflow id="156" from="select_ln10_3" to="temp_3" fromId="23" toId="32">
</dataflow>
<dataflow id="157" from="select_ln10_5" to="icmp_ln11_2" fromId="26" toId="33">
</dataflow>
<dataflow id="158" from="row3_read" to="icmp_ln11_2" fromId="3" toId="33">
</dataflow>
<dataflow id="159" from="icmp_ln11_2" to="select_ln11_3" fromId="33" toId="34">
</dataflow>
<dataflow id="160" from="select_ln10_5" to="select_ln11_3" fromId="26" toId="34">
</dataflow>
<dataflow id="161" from="row3_read" to="select_ln11_3" fromId="3" toId="34">
</dataflow>
<dataflow id="162" from="icmp_ln11_2" to="temp_4" fromId="33" toId="35">
</dataflow>
<dataflow id="163" from="row3_read" to="temp_4" fromId="3" toId="35">
</dataflow>
<dataflow id="164" from="select_ln10_5" to="temp_4" fromId="26" toId="35">
</dataflow>
<dataflow id="165" from="temp_2" to="icmp_ln12" fromId="29" toId="36">
</dataflow>
<dataflow id="166" from="select_ln10" to="icmp_ln12" fromId="19" toId="36">
</dataflow>
<dataflow id="167" from="icmp_ln12" to="temp_5" fromId="36" toId="37">
</dataflow>
<dataflow id="168" from="temp_2" to="temp_5" fromId="29" toId="37">
</dataflow>
<dataflow id="169" from="select_ln10" to="temp_5" fromId="19" toId="37">
</dataflow>
<dataflow id="170" from="icmp_ln12" to="temp_6" fromId="36" toId="38">
</dataflow>
<dataflow id="171" from="select_ln10" to="temp_6" fromId="19" toId="38">
</dataflow>
<dataflow id="172" from="temp_2" to="temp_6" fromId="29" toId="38">
</dataflow>
<dataflow id="173" from="temp_3" to="icmp_ln12_1" fromId="32" toId="39">
</dataflow>
<dataflow id="174" from="select_ln10_2" to="icmp_ln12_1" fromId="22" toId="39">
</dataflow>
<dataflow id="175" from="icmp_ln12_1" to="temp_7" fromId="39" toId="40">
</dataflow>
<dataflow id="176" from="select_ln10_2" to="temp_7" fromId="22" toId="40">
</dataflow>
<dataflow id="177" from="temp_3" to="temp_7" fromId="32" toId="40">
</dataflow>
<dataflow id="178" from="icmp_ln12_1" to="temp_8" fromId="39" toId="41">
</dataflow>
<dataflow id="179" from="temp_3" to="temp_8" fromId="32" toId="41">
</dataflow>
<dataflow id="180" from="select_ln10_2" to="temp_8" fromId="22" toId="41">
</dataflow>
<dataflow id="181" from="temp_4" to="icmp_ln12_2" fromId="35" toId="42">
</dataflow>
<dataflow id="182" from="select_ln10_4" to="icmp_ln12_2" fromId="25" toId="42">
</dataflow>
<dataflow id="183" from="icmp_ln12_2" to="select_ln12" fromId="42" toId="43">
</dataflow>
<dataflow id="184" from="select_ln10_4" to="select_ln12" fromId="25" toId="43">
</dataflow>
<dataflow id="185" from="temp_4" to="select_ln12" fromId="35" toId="43">
</dataflow>
<dataflow id="186" from="icmp_ln12_2" to="select_ln12_2" fromId="42" toId="44">
</dataflow>
<dataflow id="187" from="temp_4" to="select_ln12_2" fromId="35" toId="44">
</dataflow>
<dataflow id="188" from="select_ln10_4" to="select_ln12_2" fromId="25" toId="44">
</dataflow>
<dataflow id="189" from="temp_1" to="icmp_ln13" fromId="28" toId="45">
</dataflow>
<dataflow id="190" from="select_ln11" to="icmp_ln13" fromId="31" toId="45">
</dataflow>
<dataflow id="191" from="icmp_ln13" to="temp_9" fromId="45" toId="46">
</dataflow>
<dataflow id="192" from="temp_1" to="temp_9" fromId="28" toId="46">
</dataflow>
<dataflow id="193" from="select_ln11" to="temp_9" fromId="31" toId="46">
</dataflow>
<dataflow id="194" from="temp_8" to="icmp_ln13_1" fromId="41" toId="47">
</dataflow>
<dataflow id="195" from="select_ln12_2" to="icmp_ln13_1" fromId="44" toId="47">
</dataflow>
<dataflow id="196" from="icmp_ln13_1" to="select_ln13" fromId="47" toId="48">
</dataflow>
<dataflow id="197" from="select_ln12_2" to="select_ln13" fromId="44" toId="48">
</dataflow>
<dataflow id="198" from="temp_8" to="select_ln13" fromId="41" toId="48">
</dataflow>
<dataflow id="199" from="temp_7" to="icmp_ln13_2" fromId="40" toId="49">
</dataflow>
<dataflow id="200" from="select_ln12" to="icmp_ln13_2" fromId="43" toId="49">
</dataflow>
<dataflow id="201" from="icmp_ln13_2" to="select_ln13_1" fromId="49" toId="50">
</dataflow>
<dataflow id="202" from="temp_7" to="select_ln13_1" fromId="40" toId="50">
</dataflow>
<dataflow id="203" from="select_ln12" to="select_ln13_1" fromId="43" toId="50">
</dataflow>
<dataflow id="204" from="icmp_ln13_2" to="select_ln13_2" fromId="49" toId="51">
</dataflow>
<dataflow id="205" from="select_ln12" to="select_ln13_2" fromId="43" toId="51">
</dataflow>
<dataflow id="206" from="temp_7" to="select_ln13_2" fromId="40" toId="51">
</dataflow>
<dataflow id="207" from="temp_9" to="icmp_ln14" fromId="46" toId="52">
</dataflow>
<dataflow id="208" from="select_ln11_3" to="icmp_ln14" fromId="34" toId="52">
</dataflow>
<dataflow id="209" from="icmp_ln14" to="temp_10" fromId="52" toId="53">
</dataflow>
<dataflow id="210" from="temp_9" to="temp_10" fromId="46" toId="53">
</dataflow>
<dataflow id="211" from="select_ln11_3" to="temp_10" fromId="34" toId="53">
</dataflow>
<dataflow id="212" from="temp_6" to="icmp_ln14_1" fromId="38" toId="54">
</dataflow>
<dataflow id="213" from="select_ln13_2" to="icmp_ln14_1" fromId="51" toId="54">
</dataflow>
<dataflow id="214" from="icmp_ln14_1" to="temp_11" fromId="54" toId="55">
</dataflow>
<dataflow id="215" from="temp_6" to="temp_11" fromId="38" toId="55">
</dataflow>
<dataflow id="216" from="select_ln13_2" to="temp_11" fromId="51" toId="55">
</dataflow>
<dataflow id="217" from="temp_5" to="icmp_ln14_2" fromId="37" toId="56">
</dataflow>
<dataflow id="218" from="select_ln13" to="icmp_ln14_2" fromId="48" toId="56">
</dataflow>
<dataflow id="219" from="icmp_ln14_2" to="select_ln14" fromId="56" toId="57">
</dataflow>
<dataflow id="220" from="select_ln13" to="select_ln14" fromId="48" toId="57">
</dataflow>
<dataflow id="221" from="temp_5" to="select_ln14" fromId="37" toId="57">
</dataflow>
<dataflow id="222" from="temp_11" to="icmp_ln15" fromId="55" toId="58">
</dataflow>
<dataflow id="223" from="select_ln13_1" to="icmp_ln15" fromId="50" toId="58">
</dataflow>
<dataflow id="224" from="icmp_ln15" to="temp_12" fromId="58" toId="59">
</dataflow>
<dataflow id="225" from="select_ln13_1" to="temp_12" fromId="50" toId="59">
</dataflow>
<dataflow id="226" from="temp_11" to="temp_12" fromId="55" toId="59">
</dataflow>
<dataflow id="228" from="_ssdm_op_SpecPipeline" to="specpipeline_ln0" fromId="227" toId="60">
</dataflow>
<dataflow id="230" from="StgValue_229" to="specpipeline_ln0" fromId="229" toId="60">
</dataflow>
<dataflow id="232" from="StgValue_231" to="specpipeline_ln0" fromId="231" toId="60">
</dataflow>
<dataflow id="233" from="StgValue_231" to="specpipeline_ln0" fromId="231" toId="60">
</dataflow>
<dataflow id="234" from="StgValue_231" to="specpipeline_ln0" fromId="231" toId="60">
</dataflow>
<dataflow id="236" from="empty_0" to="specpipeline_ln0" fromId="235" toId="60">
</dataflow>
<dataflow id="238" from="_ssdm_op_SpecTopModule" to="spectopmodule_ln0" fromId="237" toId="61">
</dataflow>
<dataflow id="240" from="empty_1" to="spectopmodule_ln0" fromId="239" toId="61">
</dataflow>
<dataflow id="242" from="_ssdm_op_SpecBitsMap" to="specbitsmap_ln0" fromId="241" toId="62">
</dataflow>
<dataflow id="243" from="row1" to="specbitsmap_ln0" fromId="82" toId="62">
</dataflow>
<dataflow id="245" from="_ssdm_op_SpecInterface" to="specinterface_ln0" fromId="244" toId="63">
</dataflow>
<dataflow id="246" from="row1" to="specinterface_ln0" fromId="82" toId="63">
</dataflow>
<dataflow id="248" from="empty" to="specinterface_ln0" fromId="247" toId="63">
</dataflow>
<dataflow id="249" from="StgValue_231" to="specinterface_ln0" fromId="231" toId="63">
</dataflow>
<dataflow id="250" from="StgValue_231" to="specinterface_ln0" fromId="231" toId="63">
</dataflow>
<dataflow id="251" from="empty_0" to="specinterface_ln0" fromId="235" toId="63">
</dataflow>
<dataflow id="252" from="StgValue_231" to="specinterface_ln0" fromId="231" toId="63">
</dataflow>
<dataflow id="253" from="StgValue_231" to="specinterface_ln0" fromId="231" toId="63">
</dataflow>
<dataflow id="254" from="empty_0" to="specinterface_ln0" fromId="235" toId="63">
</dataflow>
<dataflow id="255" from="empty_0" to="specinterface_ln0" fromId="235" toId="63">
</dataflow>
<dataflow id="256" from="empty_0" to="specinterface_ln0" fromId="235" toId="63">
</dataflow>
<dataflow id="257" from="StgValue_231" to="specinterface_ln0" fromId="231" toId="63">
</dataflow>
<dataflow id="258" from="StgValue_231" to="specinterface_ln0" fromId="231" toId="63">
</dataflow>
<dataflow id="259" from="StgValue_231" to="specinterface_ln0" fromId="231" toId="63">
</dataflow>
<dataflow id="260" from="StgValue_231" to="specinterface_ln0" fromId="231" toId="63">
</dataflow>
<dataflow id="261" from="empty_0" to="specinterface_ln0" fromId="235" toId="63">
</dataflow>
<dataflow id="262" from="empty_0" to="specinterface_ln0" fromId="235" toId="63">
</dataflow>
<dataflow id="263" from="_ssdm_op_SpecBitsMap" to="specbitsmap_ln0" fromId="241" toId="64">
</dataflow>
<dataflow id="264" from="row2" to="specbitsmap_ln0" fromId="83" toId="64">
</dataflow>
<dataflow id="265" from="_ssdm_op_SpecInterface" to="specinterface_ln0" fromId="244" toId="65">
</dataflow>
<dataflow id="266" from="row2" to="specinterface_ln0" fromId="83" toId="65">
</dataflow>
<dataflow id="267" from="empty" to="specinterface_ln0" fromId="247" toId="65">
</dataflow>
<dataflow id="268" from="StgValue_231" to="specinterface_ln0" fromId="231" toId="65">
</dataflow>
<dataflow id="269" from="StgValue_231" to="specinterface_ln0" fromId="231" toId="65">
</dataflow>
<dataflow id="270" from="empty_0" to="specinterface_ln0" fromId="235" toId="65">
</dataflow>
<dataflow id="271" from="StgValue_231" to="specinterface_ln0" fromId="231" toId="65">
</dataflow>
<dataflow id="272" from="StgValue_231" to="specinterface_ln0" fromId="231" toId="65">
</dataflow>
<dataflow id="273" from="empty_0" to="specinterface_ln0" fromId="235" toId="65">
</dataflow>
<dataflow id="274" from="empty_0" to="specinterface_ln0" fromId="235" toId="65">
</dataflow>
<dataflow id="275" from="empty_0" to="specinterface_ln0" fromId="235" toId="65">
</dataflow>
<dataflow id="276" from="StgValue_231" to="specinterface_ln0" fromId="231" toId="65">
</dataflow>
<dataflow id="277" from="StgValue_231" to="specinterface_ln0" fromId="231" toId="65">
</dataflow>
<dataflow id="278" from="StgValue_231" to="specinterface_ln0" fromId="231" toId="65">
</dataflow>
<dataflow id="279" from="StgValue_231" to="specinterface_ln0" fromId="231" toId="65">
</dataflow>
<dataflow id="280" from="empty_0" to="specinterface_ln0" fromId="235" toId="65">
</dataflow>
<dataflow id="281" from="empty_0" to="specinterface_ln0" fromId="235" toId="65">
</dataflow>
<dataflow id="282" from="_ssdm_op_SpecBitsMap" to="specbitsmap_ln0" fromId="241" toId="66">
</dataflow>
<dataflow id="283" from="row3" to="specbitsmap_ln0" fromId="84" toId="66">
</dataflow>
<dataflow id="284" from="_ssdm_op_SpecInterface" to="specinterface_ln0" fromId="244" toId="67">
</dataflow>
<dataflow id="285" from="row3" to="specinterface_ln0" fromId="84" toId="67">
</dataflow>
<dataflow id="286" from="empty" to="specinterface_ln0" fromId="247" toId="67">
</dataflow>
<dataflow id="287" from="StgValue_231" to="specinterface_ln0" fromId="231" toId="67">
</dataflow>
<dataflow id="288" from="StgValue_231" to="specinterface_ln0" fromId="231" toId="67">
</dataflow>
<dataflow id="289" from="empty_0" to="specinterface_ln0" fromId="235" toId="67">
</dataflow>
<dataflow id="290" from="StgValue_231" to="specinterface_ln0" fromId="231" toId="67">
</dataflow>
<dataflow id="291" from="StgValue_231" to="specinterface_ln0" fromId="231" toId="67">
</dataflow>
<dataflow id="292" from="empty_0" to="specinterface_ln0" fromId="235" toId="67">
</dataflow>
<dataflow id="293" from="empty_0" to="specinterface_ln0" fromId="235" toId="67">
</dataflow>
<dataflow id="294" from="empty_0" to="specinterface_ln0" fromId="235" toId="67">
</dataflow>
<dataflow id="295" from="StgValue_231" to="specinterface_ln0" fromId="231" toId="67">
</dataflow>
<dataflow id="296" from="StgValue_231" to="specinterface_ln0" fromId="231" toId="67">
</dataflow>
<dataflow id="297" from="StgValue_231" to="specinterface_ln0" fromId="231" toId="67">
</dataflow>
<dataflow id="298" from="StgValue_231" to="specinterface_ln0" fromId="231" toId="67">
</dataflow>
<dataflow id="299" from="empty_0" to="specinterface_ln0" fromId="235" toId="67">
</dataflow>
<dataflow id="300" from="empty_0" to="specinterface_ln0" fromId="235" toId="67">
</dataflow>
<dataflow id="301" from="_ssdm_op_SpecBitsMap" to="specbitsmap_ln0" fromId="241" toId="68">
</dataflow>
<dataflow id="302" from="V" to="specbitsmap_ln0" fromId="85" toId="68">
</dataflow>
<dataflow id="303" from="_ssdm_op_SpecInterface" to="specinterface_ln0" fromId="244" toId="69">
</dataflow>
<dataflow id="304" from="V" to="specinterface_ln0" fromId="85" toId="69">
</dataflow>
<dataflow id="305" from="empty" to="specinterface_ln0" fromId="247" toId="69">
</dataflow>
<dataflow id="306" from="StgValue_231" to="specinterface_ln0" fromId="231" toId="69">
</dataflow>
<dataflow id="307" from="StgValue_231" to="specinterface_ln0" fromId="231" toId="69">
</dataflow>
<dataflow id="308" from="empty_0" to="specinterface_ln0" fromId="235" toId="69">
</dataflow>
<dataflow id="309" from="StgValue_231" to="specinterface_ln0" fromId="231" toId="69">
</dataflow>
<dataflow id="310" from="StgValue_231" to="specinterface_ln0" fromId="231" toId="69">
</dataflow>
<dataflow id="311" from="empty_0" to="specinterface_ln0" fromId="235" toId="69">
</dataflow>
<dataflow id="312" from="empty_0" to="specinterface_ln0" fromId="235" toId="69">
</dataflow>
<dataflow id="313" from="empty_0" to="specinterface_ln0" fromId="235" toId="69">
</dataflow>
<dataflow id="314" from="StgValue_231" to="specinterface_ln0" fromId="231" toId="69">
</dataflow>
<dataflow id="315" from="StgValue_231" to="specinterface_ln0" fromId="231" toId="69">
</dataflow>
<dataflow id="316" from="StgValue_231" to="specinterface_ln0" fromId="231" toId="69">
</dataflow>
<dataflow id="317" from="StgValue_231" to="specinterface_ln0" fromId="231" toId="69">
</dataflow>
<dataflow id="318" from="empty_0" to="specinterface_ln0" fromId="235" toId="69">
</dataflow>
<dataflow id="319" from="empty_0" to="specinterface_ln0" fromId="235" toId="69">
</dataflow>
<dataflow id="320" from="temp_12" to="icmp_ln15_1" fromId="59" toId="70">
</dataflow>
<dataflow id="321" from="select_ln14" to="icmp_ln15_1" fromId="57" toId="70">
</dataflow>
<dataflow id="322" from="icmp_ln15_1" to="select_ln15" fromId="70" toId="71">
</dataflow>
<dataflow id="323" from="temp_12" to="select_ln15" fromId="59" toId="71">
</dataflow>
<dataflow id="324" from="select_ln14" to="select_ln15" fromId="57" toId="71">
</dataflow>
<dataflow id="325" from="icmp_ln15_1" to="select_ln15_1" fromId="70" toId="72">
</dataflow>
<dataflow id="326" from="select_ln14" to="select_ln15_1" fromId="57" toId="72">
</dataflow>
<dataflow id="327" from="temp_12" to="select_ln15_1" fromId="59" toId="72">
</dataflow>
<dataflow id="328" from="temp_10" to="icmp_ln15_2" fromId="53" toId="73">
</dataflow>
<dataflow id="329" from="select_ln15_1" to="icmp_ln15_2" fromId="72" toId="73">
</dataflow>
<dataflow id="330" from="icmp_ln15_2" to="temp_13" fromId="73" toId="74">
</dataflow>
<dataflow id="331" from="temp_10" to="temp_13" fromId="53" toId="74">
</dataflow>
<dataflow id="332" from="select_ln15_1" to="temp_13" fromId="72" toId="74">
</dataflow>
<dataflow id="333" from="temp_13" to="icmp_ln16" fromId="74" toId="75">
</dataflow>
<dataflow id="334" from="select_ln15" to="icmp_ln16" fromId="71" toId="75">
</dataflow>
<dataflow id="335" from="icmp_ln16" to="select_ln16" fromId="75" toId="76">
</dataflow>
<dataflow id="336" from="select_ln15" to="select_ln16" fromId="71" toId="76">
</dataflow>
<dataflow id="337" from="temp_13" to="select_ln16" fromId="74" toId="76">
</dataflow>
<dataflow id="339" from="_ssdm_op_Write.ap_auto.i8P0A" to="write_ln73" fromId="338" toId="77">
</dataflow>
<dataflow id="340" from="V" to="write_ln73" fromId="85" toId="77">
</dataflow>
<dataflow id="341" from="select_ln16" to="write_ln73" fromId="76" toId="77">
</dataflow>
</dataflows>


</stg>
