<root versionMajor = "1" versionMinor = "5">
  <kernel src_name="MedianFilter" language="c" hwCtrl="ap_ctrl_hs" mem_layout="fpga64-xilinx-none">
    <args>
      <arg id="0" access_type="r" src_name="row1" src_type="unsigned char" src_isptr="0" src_bitwidth="8" src_size_or_depth="1">
        <hw hw_usage="data" hw_interface="Register" hw_name="row1" hw_bitwidth="8" hw_size_or_depth="1">
          <constraint constraint_type="pragma interface" mode="ap_none" register_option="0"/>
        </hw>
      </arg>
      <arg id="1" access_type="r" src_name="row2" src_type="unsigned char" src_isptr="0" src_bitwidth="8" src_size_or_depth="1">
        <hw hw_usage="data" hw_interface="Register" hw_name="row2" hw_bitwidth="8" hw_size_or_depth="1">
          <constraint constraint_type="pragma interface" mode="ap_none" register_option="0"/>
        </hw>
      </arg>
      <arg id="2" access_type="r" src_name="row3" src_type="unsigned char" src_isptr="0" src_bitwidth="8" src_size_or_depth="1">
        <hw hw_usage="data" hw_interface="Register" hw_name="row3" hw_bitwidth="8" hw_size_or_depth="1">
          <constraint constraint_type="pragma interface" mode="ap_none" register_option="0"/>
        </hw>
      </arg>
      <arg id="3" access_type="w" src_name="V" src_type="unsigned char*" src_isptr="1" src_bitwidth="8" src_size_or_depth="1">
        <hw hw_usage="data" hw_interface="Register" hw_name="V" hw_bitwidth="8" hw_size_or_depth="1">
          <constraint constraint_type="pragma interface" mode="ap_none" register_option="0"/>
        </hw>
      </arg>
    </args>
    <return src_type="void" src_bitwidth="0" offset="0x0">
      <hw hw_usage="data" hw_interface="" hw_name="" hw_bitwidth="0"/>
    </return>
  </kernel>
</root>
