<?xml version="1.0"?>
<Project Version="1" Minor="7" DIGEST="">
	<TOOL_VERSION Version="2020.2"/>
	<MODE Name="Post-Synthesis"/>
	<SYSTEMINFO BOARD="tul.com.tw:pynq-z2:1.0" PART="xc7z020clg400-1" ARCH="zynq" PACKAGE="clg400" DEVICE="7z020" SPEED="-1"/>
	<HIERARCHY Name="design_1_wrapper"/>
	<File Type="HW_HANDOFF" Name="design_1.hwh" src_db="design_1.hwdef" DESIGN_HIERARCHY="design_1_i" BD_TYPE="DEFAULT_BD">
	</File>
	<File Type="BDA" Name="design_1.bda" src_db="design_1.hwdef">
	</File>
	<File Type="PS_FSBL_INIT" Name="ps7_init.c" src_db="design_1_processing_system7_0_0.hwdef">
	</File>
	<File Type="PS_FSBL_INIT" Name="ps7_init.h" src_db="design_1_processing_system7_0_0.hwdef">
	</File>
	<File Type="PS_FSBL_INIT_GPL" Name="ps7_init_gpl.c" src_db="design_1_processing_system7_0_0.hwdef">
	</File>
	<File Type="PS_FSBL_INIT_GPL" Name="ps7_init_gpl.h" src_db="design_1_processing_system7_0_0.hwdef">
	</File>
	<File Type="PS_INIT_HELP" Name="ps7_init.html" src_db="design_1_processing_system7_0_0.hwdef">
	</File>
	<File Type="PS_XMD_INIT" Name="ps7_init.tcl" src_db="design_1_processing_system7_0_0.hwdef">
	</File>
	<File Type="HW_HANDOFF" Name="design_1_system_ila_0_1.hwh" src_db="design_1_system_ila_0_1.hwdef" DESIGN_HIERARCHY="design_1_system_ila_0_1" BD_TYPE="SCOPED_BD">
	</File>
	<File Type="BIT" Name="parity.bit" src_db="temp.hdf">
	</File>
	<DRIVERS>
		<DRIVER IP_VLNV="User_Company:SysGen:axi_stream_morphing_backup2:1.0">
			<File PATH="drivers/axi_stream_morphing_backup2_v1_0/src/axi_stream_morphing_backup2_hw.h"/>
			<File PATH="drivers/axi_stream_morphing_backup2_v1_0/src/axi_stream_morphing_backup2.h"/>
			<File PATH="drivers/axi_stream_morphing_backup2_v1_0/src/axi_stream_morphing_backup2_sinit.c"/>
			<File PATH="drivers/axi_stream_morphing_backup2_v1_0/src/axi_stream_morphing_backup2.c"/>
			<File PATH="drivers/axi_stream_morphing_backup2_v1_0/src/axi_stream_morphing_backup2_linux.c"/>
			<File PATH="drivers/axi_stream_morphing_backup2_v1_0/data/axi_stream_morphing_backup2.mdd"/>
			<File PATH="drivers/axi_stream_morphing_backup2_v1_0/data/axi_stream_morphing_backup2.tcl"/>
			<File PATH="drivers/axi_stream_morphing_backup2_v1_0/src/Makefile"/>
			<File PATH="drivers/axi_stream_morphing_backup2_v1_0/doc/html/api/index.html"/>
		</DRIVER>
	</DRIVERS>
	<USEDRESOURCES/>
</Project>

